Day,Month,Year,site_name,genus_species,PA,Zone,Observer,notes
19,february,2022,Washington,Nymphalis californica,3,2Serp,"MF, EL",
19,february,2022,Washington,Nymphalis californica,3,1Valley,"MF, EL",
19,february,2022,Washington,Erynnis propertius,3,1Valley,"MF, EL",
19,february,2022,Washington,Plebejus acmon,1,1Valley,"MF, EL",
11,march,2022,Sierra Valley,NA,NA,NA,CH,
16,march,2022,Washington,Erynnis propertius,2,2Serp,MF,
16,march,2022,Washington,Erynnis propertius,3,1Valley,MF,30+
16,march,2022,Washington,Pieris napi,1,1Valley,MF,
16,march,2022,Washington,Celastrina ladon echo,3,1Valley,MF,30+
16,march,2022,Washington,Nymphalis californica,3,1Valley,MF,
16,march,2022,Washington,Phyciodes mylitta,3,1Valley,MF,
16,march,2022,Washington,Euchloe hyantis foothill,1,1Valley,MF,
23,march,2022,Sierra Valley,Pontia occidentalis,2,2Lava,CH,
26,march,2022,Washington,Incisalia augustinus iroides,3,2Serp,MF,
26,march,2022,Washington,Nymphalis californica,2,2Serp,MF,
26,march,2022,Washington,Papilio rutulus,1,2Serp,MF,
26,march,2022,Washington,Celastrina ladon echo,1,2Serp,MF,
26,march,2022,Washington,Erynnis propertius,2,2Serp,MF,
26,march,2022,Washington,Colias eurytheme,2,1Valley,MF,
26,march,2022,Washington,Pieris napi,3,1Valley,MF,
26,march,2022,Washington,Erynnis propertius,3,1Valley,MF,30+
26,march,2022,Washington,Celastrina ladon echo,3,1Valley,MF,
26,march,2022,Washington,Phyciodes mylitta,2,1Valley,MF,
26,march,2022,Washington,Nymphalis californica,3,1Valley,MF,
26,march,2022,Washington,Incisalia augustinus iroides,1,1Valley,MF,
26,march,2022,Lang Crossing,Nymphalis californica,1,2Forest,MF,
6,april,2022,Lang Crossing,Colias eurytheme,2,1Meadow,CH,
6,april,2022,Lang Crossing,Pieris napi,1,2Forest,CH,
6,april,2022,Lang Crossing,Erynnis propertius,3,2Forest,CH,
6,april,2022,Lang Crossing,Erynnis propertius,1,3Chap,CH,
6,april,2022,Lang Crossing,Celastrina ladon echo,2,3Chap,CH,
7,april,2022,Sierra Valley,Pontia occidentalis,1,2Lava,CH,30+
7,april,2022,Sierra Valley,Pontia occidentalis,3,1Road,CH,30+
7,april,2022,Sierra Valley,Colias eurytheme,3,1Road,CH,
7,april,2022,Sierra Valley,Vanessa cardui,1,1Road,CH,
7,april,2022,Sierra Valley,Junonia coenia,1,1Road,CH,
7,april,2022,Sierra Valley,Phyciodes mylitta,2,1Road,CH,
7,april,2022,Sierra Valley,Colias philodice,1,1Road,CH,
7,april,2022,Sierra Valley,Coenonympha tullia ampelos,1,1Road,CH,
7,april,2022,Sierra Valley,Nymphalis californica,1,1Road,CH,
7,april,2022,Sierra Valley,Nymphalis antiopa,1,1Road,CH,
7,april,2022,Sierra Valley,Pontia sisymbrii,1,1Road,CH,
7,april,2022,Sierra Valley,Pontia beckerii,1,1Road,CH,
8,april,2022,Washington,Erynnis propertius,3,1Valley,CH,30+
8,april,2022,Washington,Pieris napi,3,1Valley,CH,
8,april,2022,Washington,Chlosyne palla,3,1Valley,CH,
8,april,2022,Washington,Celastrina ladon echo,3,1Valley,CH,
8,april,2022,Washington,Euphydryas chalcedona,3,1Valley,CH,
8,april,2022,Washington,Anthocharis sara sara,3,1Valley,CH,
8,april,2022,Washington,Vanessa cardui,1,1Valley,CH,
8,april,2022,Washington,Phyciodes mylitta,1,1Valley,CH,
8,april,2022,Washington,Euchloe hyantis foothill,1,1Valley,CH,
8,april,2022,Washington,NA,NA,2Serp,CH,
24,april,2022,Washington,Erynnis propertius,2,2Serp,MF,
24,april,2022,Washington,Erynnis propertius,3,1Valley,MF,30+
24,april,2022,Washington,Parnassius clodius,1,1Valley,MF,
24,april,2022,Washington,Euchloe hyantis foothill,2,1Valley,MF,
24,april,2022,Washington,Celastrina ladon echo,3,1Valley,MF,
24,april,2022,Washington,Euphydryas chalcedona,3,1Valley,MF,
24,april,2022,Washington,Chlosyne palla,1,1Valley,MF,
24,april,2022,Washington,Incisalia augustinus iroides,1,1Valley,MF,
24,april,2022,Washington,Phyciodes mylitta,1,1Valley,MF,
24,april,2022,Washington,Nymphalis californica,1,1Valley,MF,
26,april,2022,Lang Crossing,Erynnis propertius,1,1Meadow,CH,
26,april,2022,Lang Crossing,Junonia coenia,1,1Meadow,CH,
26,april,2022,Lang Crossing,Papilio rutulus,1,1Meadow,CH,
26,april,2022,Lang Crossing,Erynnis propertius,1,2Forest,CH,
26,april,2022,Lang Crossing,Pieris napi,2,2Forest,CH,
26,april,2022,Lang Crossing,Erynnis propertius,3,3Chap,CH,
26,april,2022,Lang Crossing,Colias eurytheme,2,3Chap,CH,
26,april,2022,Lang Crossing,Euphydryas chalcedona,3,3Chap,CH,
27,april,2022,Sierra Valley,Colias philodice,3,1Road,CH,
27,april,2022,Sierra Valley,Colias eurytheme,3,1Road,CH,
27,april,2022,Sierra Valley,Pyrgus communis,1,1Road,CH,
27,april,2022,Sierra Valley,Pontia beckerii,1,1Road,CH,
27,april,2022,Sierra Valley,Euphydryas chalcedona,1,1Road,CH,
27,april,2022,Sierra Valley,Junonia coenia,1,1Road,CH,
27,april,2022,Sierra Valley,Coenonympha tullia ampelos,2,1Road,CH,
27,april,2022,Sierra Valley,Vanessa atalanta,1,1Road,CH,
27,april,2022,Sierra Valley,Hesperia juba,1,1Road,CH,
27,april,2022,Sierra Valley,Papilio zelicaon,2,2Lava,CH,
27,april,2022,Sierra Valley,Coenonympha tullia ampelos,1,2Lava,CH,
5,may,2022,Washington,Erynnis propertius,3,1Valley,CH,30+
5,may,2022,Washington,Colias eurytheme,1,1Valley,CH,
5,may,2022,Washington,Pieris rapae,1,1Valley,CH,
5,may,2022,Washington,Pieris napi,3,1Valley,CH,
5,may,2022,Washington,Coenonympha tullia california,1,1Valley,CH,
5,may,2022,Washington,Incisalia eryphon,1,1Valley,CH,
5,may,2022,Washington,Adelpha bredowii californica,3,1Valley,CH,
5,may,2022,Washington,Papilio eurymedon,3,1Valley,CH,
5,may,2022,Washington,Chlosyne palla,3,1Valley,CH,
5,may,2022,Washington,Euphydryas chalcedona,3,1Valley,CH,
5,may,2022,Washington,Nymphalis californica,1,1Valley,CH,
5,may,2022,Washington,Parnassius clodius,1,1Valley,CH,
5,may,2022,Washington,Erynnis propertius,3,2Serp,CH,
13,may,2022,Sierra Valley,Phyciodes mylitta,1,1Road,"MF, CH, TC",
13,may,2022,Sierra Valley,Colias philodice,3,1Road,"MF, CH, TC",
13,may,2022,Sierra Valley,Euchloe ausonides,1,1Road,"MF, CH, TC",
13,may,2022,Sierra Valley,Coenonympha tullia ampelos,3,1Road,"MF, CH, TC",
13,may,2022,Sierra Valley,Lycaena helloides,1,1Road,"MF, CH, TC",
13,may,2022,Sierra Valley,Colias eurytheme,2,1Road,"MF, CH, TC",
13,may,2022,Sierra Valley,Pyrgus communis,3,1Road,"MF, CH, TC",
13,may,2022,Sierra Valley,Erynnis propertius,1,1Road,"MF, CH, TC",
13,may,2022,Sierra Valley,Pieris rapae,3,1Road,"MF, CH, TC",
13,may,2022,Sierra Valley,Incisalia augustinus iroides,1,1Road,"MF, CH, TC",
13,may,2022,Sierra Valley,Hesperia juba,1,1Road,"MF, CH, TC",
13,may,2022,Sierra Valley,Vanessa cardui,1,1Road,"MF, CH, TC",
13,may,2022,Sierra Valley,Polites sabuleti tecumseh,1,1Road,"MF, CH, TC",
13,may,2022,Sierra Valley,Coenonympha tullia ampelos,3,2Lava,"MF, CH, TC",
14,may,2022,Lang Crossing,Colias eurytheme,3,1Meadow,"CH, TC, CC",
14,may,2022,Lang Crossing,Erynnis propertius,1,1Meadow,"CH, TC, CC",
14,may,2022,Lang Crossing,Pyrgus ruralis,1,1Meadow,"CH, TC, CC",
14,may,2022,Lang Crossing,Celastrina ladon echo,1,1Meadow,"CH, TC, CC",
14,may,2022,Lang Crossing,Euchloe hyantis hyantis,1,1Meadow,"CH, TC, CC",
14,may,2022,Lang Crossing,Phyciodes mylitta,1,2Forest,"CH, TC, CC",
14,may,2022,Lang Crossing,Colias eurytheme,1,2Forest,"CH, TC, CC",
14,may,2022,Lang Crossing,Euchloe hyantis hyantis,2,2Forest,"CH, TC, CC",
14,may,2022,Lang Crossing,Everes amyntula,1,2Forest,"CH, TC, CC",
14,may,2022,Lang Crossing,Erynnis propertius,3,2Forest,"CH, TC, CC",
14,may,2022,Lang Crossing,Erynnis propertius,3,3Chap,"CH, TC, CC",
14,may,2022,Lang Crossing,Colias eurytheme,3,3Chap,"CH, TC, CC",
14,may,2022,Lang Crossing,Celastrina ladon echo,1,3Chap,"CH, TC, CC",
14,may,2022,Lang Crossing,Euphydryas chalcedona,3,3Chap,"CH, TC, CC",
14,may,2022,Lang Crossing,Vanessa cardui,1,3Chap,"CH, TC, CC",
14,may,2022,Lang Crossing,Philotes sonorensis,1,3Chap,"CH, TC, CC",
18,may,2022,Washington,Adelpha bredowii californica,1,2Serp,MF,
18,may,2022,Washington,Erynnis propertius,1,2Serp,MF,
18,may,2022,Washington,Erynnis propertius,3,1Valley,MF,30+
18,may,2022,Washington,Adelpha bredowii californica,3,1Valley,MF,30+
18,may,2022,Washington,Phyciodes mylitta,3,1Valley,MF,
18,may,2022,Washington,Papilio eurymedon,3,1Valley,MF,
18,may,2022,Washington,Anthocharis lanceolata,2,1Valley,MF,
18,may,2022,Washington,Nymphalis californica,2,1Valley,MF,
18,may,2022,Washington,Chlosyne palla,3,1Valley,MF,
18,may,2022,Washington,Parnassius clodius,3,1Valley,MF,
18,may,2022,Washington,Colias eurytheme,3,1Valley,MF,
18,may,2022,Washington,Euchloe hyantis foothill,1,1Valley,MF,
18,may,2022,Washington,Euphydryas chalcedona,3,1Valley,MF,
18,may,2022,Washington,Plebejus icarioides,1,1Valley,MF,
18,may,2022,Washington,Junonia coenia,1,1Valley,MF,
18,may,2022,Washington,Papilio rutulus,1,1Valley,MF,
18,may,2022,Washington,Erynnis icelus,1,1Valley,MF,
18,may,2022,Washington,Celastrina ladon echo,3,1Valley,MF,
21,may,2022,Donner Pass,Colias eurytheme,3,1Tracks,"CH, TC, CC",
21,may,2022,Donner Pass,Anthocharis stella,1,1Tracks,"CH, TC, CC",
21,may,2022,Donner Pass,Euchloe hyantis hyantis,1,1Tracks,"CH, TC, CC",
21,may,2022,Donner Pass,Celastrina ladon echo,3,1Tracks,"CH, TC, CC",
21,may,2022,Donner Pass,Nymphalis antiopa,1,1Tracks,"CH, TC, CC",
21,may,2022,Donner Pass,Junonia coenia,1,1Tracks,"CH, TC, CC",
21,may,2022,Donner Pass,Incisalia augustinus iroides,1,1Tracks,"CH, TC, CC",
21,may,2022,Donner Pass,NA,NA,2Meadow,"CH, TC, CC",
21,may,2022,Donner Pass,NA,NA,3Bridge,"CH, TC, CC",
26,may,2022,Lang Crossing,Colias eurytheme,3,1Meadow,CH,
26,may,2022,Lang Crossing,Lycaena cupreus,2,1Meadow,CH,
26,may,2022,Lang Crossing,Phyciodes mylitta,1,1Meadow,CH,
26,may,2022,Lang Crossing,Junonia coenia,2,1Meadow,CH,
26,may,2022,Lang Crossing,Pyrgus ruralis,1,1Meadow,CH,
26,may,2022,Lang Crossing,Parnassius clodius,3,1Meadow,CH,
26,may,2022,Lang Crossing,Erynnis propertius,3,1Meadow,CH,
26,may,2022,Lang Crossing,Adelpha bredowii californica,3,1Meadow,CH,
26,may,2022,Lang Crossing,Papilio rutulus,1,1Meadow,CH,
26,may,2022,Lang Crossing,Colias eurytheme,2,2Forest,CH,
26,may,2022,Lang Crossing,Lycaena cupreus,1,2Forest,CH,
26,may,2022,Lang Crossing,Parnassius clodius,1,2Forest,CH,
26,may,2022,Lang Crossing,Adelpha bredowii californica,3,2Forest,CH,
26,may,2022,Lang Crossing,Junonia coenia,2,2Forest,CH,
26,may,2022,Lang Crossing,Erynnis propertius,2,2Forest,CH,
26,may,2022,Lang Crossing,Papilio eurymedon,3,3Chap,CH,
26,may,2022,Lang Crossing,Adelpha bredowii californica,3,3Chap,CH,
26,may,2022,Lang Crossing,Erynnis propertius,1,3Chap,CH,
26,may,2022,Lang Crossing,Euphydryas chalcedona,3,3Chap,CH,
26,may,2022,Lang Crossing,Plebejus acmon,1,3Chap,CH,
27,may,2022,Sierra Valley,Coenonympha tullia ampelos,3,1Road,"MF, TC",30+
27,may,2022,Sierra Valley,Euchloe ausonides,1,1Road,"MF, TC",
27,may,2022,Sierra Valley,Plebejus saepiolus,1,1Road,"MF, TC",
27,may,2022,Sierra Valley,Colias eurytheme,3,1Road,"MF, TC",
27,may,2022,Sierra Valley,Hesperia juba,3,1Road,"MF, TC",
27,may,2022,Sierra Valley,Plebejus icarioides,3,1Road,"MF, TC",
27,may,2022,Sierra Valley,Plebejus acmon,1,1Road,"MF, TC",
27,may,2022,Sierra Valley,Lycaena helloides,1,1Road,"MF, TC",
27,may,2022,Sierra Valley,Pontia occidentalis,3,1Road,"MF, TC",
27,may,2022,Sierra Valley,Colias philodice,1,1Road,"MF, TC",
27,may,2022,Sierra Valley,Danaus plexippus,1,1Road,"MF, TC",
27,may,2022,Sierra Valley,Nymphalis californica,1,1Road,"MF, TC",
27,may,2022,Sierra Valley,Mitoura gryneus chalcosiva,1,1Road,"MF, TC",
27,may,2022,Sierra Valley,Coenonympha tullia ampelos,3,2Lava,"MF, TC",
30,may,2022,Washington,NA,NA,2Serp,"MF, TB, CC",
30,may,2022,Washington,Adelpha bredowii californica,3,1Valley,"MF, TB, CC",30+
30,may,2022,Washington,Erynnis propertius,3,1Valley,"MF, TB, CC",
30,may,2022,Washington,Parnassius clodius,3,1Valley,"MF, TB, CC",
30,may,2022,Washington,Phyciodes mylitta,3,1Valley,"MF, TB, CC",
30,may,2022,Washington,Papilio eurymedon,3,1Valley,"MF, TB, CC",
30,may,2022,Washington,Papilio rutulus,3,1Valley,"MF, TB, CC",
30,may,2022,Washington,Euphydryas chalcedona,3,1Valley,"MF, TB, CC",
30,may,2022,Washington,Chlosyne palla,3,1Valley,"MF, TB, CC",
30,may,2022,Washington,Junonia coenia,2,1Valley,"MF, TB, CC",
30,may,2022,Washington,Plebejus acmon,1,1Valley,"MF, TB, CC",
30,may,2022,Washington,Poanes melane,1,1Valley,"MF, TB, CC",
30,may,2022,Washington,Colias eurytheme,1,1Valley,"MF, TB, CC",
2,june,2022,Donner Pass,Incisalia augustinus iroides,2,1Tracks,CH,
2,june,2022,Donner Pass,Nymphalis californica,3,1Tracks,CH,
2,june,2022,Donner Pass,Celastrina ladon echo,3,1Tracks,CH,
2,june,2022,Donner Pass,Anthocharis stella,3,1Tracks,CH,
2,june,2022,Donner Pass,Colias eurytheme,3,1Tracks,CH,
2,june,2022,Donner Pass,Pyrgus communis,3,1Tracks,CH,
2,june,2022,Donner Pass,Thorybes mexicana nevada,1,1Tracks,CH,
2,june,2022,Donner Pass,Chlosyne palla,2,1Tracks,CH,
2,june,2022,Donner Pass,Nymphalis antiopa,2,1Tracks,CH,
2,june,2022,Donner Pass,Hesperia juba,2,1Tracks,CH,
2,june,2022,Donner Pass,Papilio zelicaon,1,1Tracks,CH,
2,june,2022,Donner Pass,Colias eurytheme,3,2Meadow,CH,
2,june,2022,Donner Pass,Euchloe hyantis hyantis,2,3Bridge,CH,
9,june,2022,Lang Crossing,Adelpha bredowii californica,3,1Meadow,CH,
9,june,2022,Lang Crossing,Parnassius clodius,3,1Meadow,CH,
9,june,2022,Lang Crossing,Papilio eurymedon,2,1Meadow,CH,
9,june,2022,Lang Crossing,Mitoura gryneus nelsoni,2,1Meadow,CH,
9,june,2022,Lang Crossing,Plebejus acmon,1,1Meadow,CH,
9,june,2022,Lang Crossing,Colias eurytheme,1,1Meadow,CH,
9,june,2022,Lang Crossing,Phyciodes mylitta,3,1Meadow,CH,
9,june,2022,Lang Crossing,Lycaena cupreus,1,1Meadow,CH,
9,june,2022,Lang Crossing,Papilio rutulus,1,1Meadow,CH,
9,june,2022,Lang Crossing,Erynnis propertius,1,1Meadow,CH,
9,june,2022,Lang Crossing,Celastrina ladon echo,2,1Meadow,CH,
9,june,2022,Lang Crossing,Parnassius clodius,3,2Forest,CH,
9,june,2022,Lang Crossing,Euphilotes enoptes,1,2Forest,CH,
9,june,2022,Lang Crossing,Adelpha bredowii californica,3,2Forest,CH,
9,june,2022,Lang Crossing,Papilio rutulus,1,2Forest,CH,
9,june,2022,Lang Crossing,Papilio eurymedon,3,2Forest,CH,
9,june,2022,Lang Crossing,Celastrina ladon echo,2,2Forest,CH,
9,june,2022,Lang Crossing,Junonia coenia,1,2Forest,CH,
9,june,2022,Lang Crossing,Phyciodes mylitta,2,2Forest,CH,
9,june,2022,Lang Crossing,Colias eurytheme,1,2Forest,CH,
9,june,2022,Lang Crossing,Mitoura gryneus nelsoni,2,2Forest,CH,
9,june,2022,Lang Crossing,Erynnis propertius,1,2Forest,CH,
9,june,2022,Lang Crossing,Nymphalis antiopa,1,2Forest,CH,
9,june,2022,Lang Crossing,Erynnis propertius,3,3Chap,CH,
9,june,2022,Lang Crossing,Adelpha bredowii californica,1,3Chap,CH,
9,june,2022,Lang Crossing,Euphydryas chalcedona,3,3Chap,CH,
9,june,2022,Lang Crossing,Papilio eurymedon,1,3Chap,CH,
10,june,2022,Sierra Valley,Coenonympha tullia ampelos,3,1Road,CH,30+
10,june,2022,Sierra Valley,Glaucopsyche lygdamus,1,1Road,CH,
10,june,2022,Sierra Valley,Plebejus icarioides,2,1Road,CH,
10,june,2022,Sierra Valley,Colias eurytheme,3,1Road,CH,30+
10,june,2022,Sierra Valley,Papilio eurymedon,3,1Road,CH,
10,june,2022,Sierra Valley,Phyciodes mylitta,3,1Road,CH,
10,june,2022,Sierra Valley,Lycaeides melissa,3,1Road,CH,
10,june,2022,Sierra Valley,Pieris rapae,3,1Road,CH,
10,june,2022,Sierra Valley,Pontia occidentalis,3,1Road,CH,
10,june,2022,Sierra Valley,Vanessa atalanta,1,1Road,CH,
10,june,2022,Sierra Valley,Speyeria coronis,2,1Road,CH,
10,june,2022,Sierra Valley,Papilio rutulus,1,1Road,CH,
10,june,2022,Sierra Valley,Nymphalis antiopa,1,1Road,CH,
10,june,2022,Sierra Valley,Chlosyne palla,1,1Road,CH,
10,june,2022,Sierra Valley,Coenonympha tullia ampelos,3,2Lava,CH,
10,june,2022,Sierra Valley,Danaus plexippus,1,2Lava,CH,
10,june,2022,Sierra Valley,Phyciodes mylitta,2,2Lava,CH,
11,june,2022,Mt Rose,Colias eurytheme,1,3Alpine,MF,
11,june,2022,Mt Rose,Nymphalis californica,1,3Alpine,MF,
11,june,2022,Mt Rose,Everes amyntula,1,3Alpine,MF,
11,june,2022,Mt Rose,Hesperia juba,1,2Meadow,MF,
11,june,2022,Mt Rose,Colias eurytheme,1,2Meadow,MF,
11,june,2022,Mt Rose,Colias eurytheme,1,1Forest,MF,
11,june,2022,Mt Rose,Nymphalis californica,3,1Forest,MF,
11,june,2022,Mt Rose,Nymphalis milberti,1,1Forest,MF,
11,june,2022,Mt Rose,Everes amyntula,1,1Forest,MF,
11,june,2022,Mt Rose,Anthocharis stella,3,1Forest,MF,
11,june,2022,Mt Rose,Glaucopsyche lygdamus,3,1Forest,MF,
11,june,2022,Mt Rose,Euphilotes battoides,1,1Forest,MF,
13,june,2022,Washington,Adelpha bredowii californica,3,1Valley,MF,30+
13,june,2022,Washington,Erynnis propertius,3,1Valley,MF,
13,june,2022,Washington,Poanes melane,3,1Valley,MF,
13,june,2022,Washington,Chlosyne palla,3,1Valley,MF,
13,june,2022,Washington,Papilio eurymedon,3,1Valley,MF,
13,june,2022,Washington,Phyciodes mylitta,3,1Valley,MF,
13,june,2022,Washington,Papilio rutulus,3,1Valley,MF,
13,june,2022,Washington,Ochlodes agricola,3,1Valley,MF,
13,june,2022,Washington,Parnassius clodius,3,1Valley,MF,
13,june,2022,Washington,Colias eurytheme,1,2Serp,MF,
13,june,2022,Washington,Papilio eurymedon,1,2Serp,MF,
13,june,2022,Washington,Satyrium saepium,1,2Serp,MF,
13,june,2022,Washington,Parnassius clodius,1,2Serp,MF,
13,june,2022,Washington,Adelpha bredowii californica,2,2Serp,MF,
15,june,2022,Castle Peak,Papilio zelicaon,1,1LowForest,CH,
15,june,2022,Castle Peak,Papilio rutulus,1,1LowForest,CH,
15,june,2022,Castle Peak,Anthocharis stella,1,1LowForest,CH,
15,june,2022,Castle Peak,Colias eurytheme,3,1LowForest,CH,
15,june,2022,Castle Peak,Hesperia juba,1,1LowForest,CH,
15,june,2022,Castle Peak,Nymphalis antiopa,1,1LowForest,CH,
15,june,2022,Castle Peak,Polygonia zephyrus,3,1LowForest,CH,
15,june,2022,Castle Peak,Adelpha bredowii californica,1,1LowForest,CH,
15,june,2022,Castle Peak,Incisalia eryphon,1,1LowForest,CH,
15,june,2022,Castle Peak,Hesperia juba,1,2CastleAscent,CH,
15,june,2022,Castle Peak,Papilio zelicaon,1,2CastleAscent,CH,
15,june,2022,Castle Peak,Anthocharis stella,1,2CastleAscent,CH,
15,june,2022,Castle Peak,Anthocharis stella,1,3Ridge,CH,
15,june,2022,Castle Peak,Pontia sisymbrii,3,3Ridge,CH,
15,june,2022,Castle Peak,Nymphalis californica,2,3Ridge,CH,
15,june,2022,Castle Peak,Everes amyntula,3,3Ridge,CH,
15,june,2022,Castle Peak,Papilio zelicaon,3,3Ridge,CH,
15,june,2022,Castle Peak,Celastrina ladon echo,1,3Ridge,CH,
15,june,2022,Castle Peak,Colias eurytheme,1,3Ridge,CH,
15,june,2022,Castle Peak,Glaucopsyche lygdamus,1,3Ridge,CH,
15,june,2022,Castle Peak,Colias eurytheme,3,4BasinDescent,CH,
15,june,2022,Castle Peak,Papilio zelicaon,2,4BasinDescent,CH,
15,june,2022,Castle Peak,Hesperia juba,1,4BasinDescent,CH,
15,june,2022,Castle Peak,Anthocharis stella,2,5HighForest,CH,
15,june,2022,Castle Peak,Colias eurytheme,2,5HighForest,CH,
15,june,2022,Castle Peak,Euchloe hyantis hyantis,2,5HighForest,CH,
15,june,2022,Castle Peak,Nymphalis antiopa,1,5HighForest,CH,
16,june,2022,Donner Pass,Anthocharis stella,3,1Tracks,CH,
16,june,2022,Donner Pass,Incisalia eryphon,3,1Tracks,CH,
16,june,2022,Donner Pass,Pyrgus communis,3,1Tracks,CH,
16,june,2022,Donner Pass,Lycaena cupreus,1,1Tracks,CH,
16,june,2022,Donner Pass,Celastrina ladon echo,3,1Tracks,CH,
16,june,2022,Donner Pass,Pyrgus ruralis,2,1Tracks,CH,
16,june,2022,Donner Pass,Adelpha bredowii californica,1,1Tracks,CH,
16,june,2022,Donner Pass,Phyciodes mylitta,2,1Tracks,CH,
16,june,2022,Donner Pass,Papilio rutulus,3,1Tracks,CH,
16,june,2022,Donner Pass,Papilio eurymedon,3,1Tracks,CH,
16,june,2022,Donner Pass,Boloria epithore,2,1Tracks,CH,
16,june,2022,Donner Pass,Colias eurytheme,3,1Tracks,CH,
16,june,2022,Donner Pass,Plebejus acmon,1,1Tracks,CH,
16,june,2022,Donner Pass,Plebejus icarioides,1,1Tracks,CH,
16,june,2022,Donner Pass,Chlosyne palla,3,1Tracks,CH,
16,june,2022,Donner Pass,Chlosyne hoffmanni,2,1Tracks,CH,
16,june,2022,Donner Pass,Junonia coenia,1,1Tracks,CH,
16,june,2022,Donner Pass,Nymphalis antiopa,2,1Tracks,CH,
16,june,2022,Donner Pass,Erynnis propertius,1,1Tracks,CH,
16,june,2022,Donner Pass,Incisalia augustinus iroides,1,1Tracks,CH,
16,june,2022,Donner Pass,Euphilotes enoptes,1,1Tracks,CH,
16,june,2022,Donner Pass,Papilio rutulus,1,2Meadow,CH,
16,june,2022,Donner Pass,Plebejus saepiolus,3,2Meadow,CH,
16,june,2022,Donner Pass,Thorybes mexicana nevada,1,2Meadow,CH,
16,june,2022,Donner Pass,Pyrgus ruralis,1,2Meadow,CH,
16,june,2022,Donner Pass,Phyciodes mylitta,1,2Meadow,CH,
16,june,2022,Donner Pass,NA,NA,3Bridge,CH,
23,june,2022,Lang Crossing,Lycaena editha,3,1Meadow,CH,
23,june,2022,Lang Crossing,Colias eurytheme,3,1Meadow,CH,
23,june,2022,Lang Crossing,Parnassius clodius,3,1Meadow,CH,
23,june,2022,Lang Crossing,Plebejus acmon,3,1Meadow,CH,
23,june,2022,Lang Crossing,Mitoura gryneus nelsoni,3,1Meadow,CH,
23,june,2022,Lang Crossing,Papilio eurymedon,1,1Meadow,CH,
23,june,2022,Lang Crossing,Phyciodes mylitta,1,1Meadow,CH,
23,june,2022,Lang Crossing,Phyciodes campestris montana,3,1Meadow,CH,
23,june,2022,Lang Crossing,Junonia coenia,1,1Meadow,CH,
23,june,2022,Lang Crossing,Pieris rapae,1,1Meadow,CH,
23,june,2022,Lang Crossing,Adelpha bredowii californica,1,1Meadow,CH,
23,june,2022,Lang Crossing,Papilio rutulus,2,1Meadow,CH,
23,june,2022,Lang Crossing,Adelpha bredowii californica,2,2Forest,CH,
23,june,2022,Lang Crossing,Parnassius clodius,2,2Forest,CH,
23,june,2022,Lang Crossing,Colias eurytheme,2,2Forest,CH,
23,june,2022,Lang Crossing,Papilio rutulus,2,2Forest,CH,
23,june,2022,Lang Crossing,Nymphalis antiopa,1,2Forest,CH,
23,june,2022,Lang Crossing,Papilio eurymedon,2,3Chap,CH,
23,june,2022,Lang Crossing,Erynnis propertius,1,3Chap,CH,
23,june,2022,Lang Crossing,Euphydryas chalcedona,1,3Chap,CH,
23,june,2022,Lang Crossing,Adelpha bredowii californica,1,3Chap,CH,
23,june,2022,Lang Crossing,Colias eurytheme,1,3Chap,CH,
24,june,2022,Sierra Valley,Colias eurytheme,3,1Road,CH,
24,june,2022,Sierra Valley,Coenonympha tullia ampelos,3,1Road,CH,
24,june,2022,Sierra Valley,Phyciodes mylitta,1,1Road,CH,
24,june,2022,Sierra Valley,Pontia occidentalis,3,1Road,CH,
24,june,2022,Sierra Valley,Pontia protodice,2,1Road,CH,
24,june,2022,Sierra Valley,Plebejus acmon,2,1Road,CH,
24,june,2022,Sierra Valley,Speyeria callippe nevadensis,1,1Road,CH,
24,june,2022,Sierra Valley,Pontia beckerii,2,1Road,CH,
24,june,2022,Sierra Valley,Pontia occidentalis,1,2Lava,CH,
24,june,2022,Sierra Valley,Colias eurytheme,1,2Lava,CH,
25,june,2022,Mt Rose,Colias eurytheme,3,1Forest,CH,
25,june,2022,Mt Rose,Polygonia zephyrus,3,1Forest,CH,
25,june,2022,Mt Rose,Plebejus icarioides,3,1Forest,CH,30+
25,june,2022,Mt Rose,Incisalia eryphon,1,1Forest,CH,
25,june,2022,Mt Rose,Phyciodes mylitta,2,1Forest,CH,
25,june,2022,Mt Rose,Nymphalis milberti,2,1Forest,CH,
25,june,2022,Mt Rose,Anthocharis stella,2,1Forest,CH,
25,june,2022,Mt Rose,Papilio zelicaon,1,1Forest,CH,
25,june,2022,Mt Rose,Pontia occidentalis,1,1Forest,CH,
25,june,2022,Mt Rose,Euphilotes battoides,3,1Forest,CH,
25,june,2022,Mt Rose,Nymphalis californica,1,1Forest,CH,
25,june,2022,Mt Rose,Thorybes mexicana nevada,3,2Meadow,CH,
25,june,2022,Mt Rose,Polygonia zephyrus,2,2Meadow,CH,
25,june,2022,Mt Rose,Anthocharis stella,1,2Meadow,CH,
25,june,2022,Mt Rose,Colias eurytheme,1,2Meadow,CH,
25,june,2022,Mt Rose,Pontia occidentalis,1,3Alpine,CH,
25,june,2022,Mt Rose,Plebejus icarioides,2,3Alpine,CH,30+
25,june,2022,Mt Rose,Thorybes mexicana nevada,1,3Alpine,CH,
25,june,2022,Mt Rose,Nymphalis milberti,1,3Alpine,CH,
25,june,2022,Washington,Parnassius clodius,1,2Serp,MF,
25,june,2022,Washington,Plebejus acmon,1,2Serp,MF,
25,june,2022,Washington,Adelpha bredowii californica,3,1Valley,MF,30+
25,june,2022,Washington,Parnassius clodius,3,1Valley,MF,30+
25,june,2022,Washington,Papilio rutulus,3,1Valley,MF,
25,june,2022,Washington,Papilio eurymedon,3,1Valley,MF,30+
25,june,2022,Washington,Ochlodes agricola,2,1Valley,MF,
25,june,2022,Washington,Phyciodes mylitta,3,1Valley,MF,
25,june,2022,Washington,Chlosyne palla,1,1Valley,MF,
25,june,2022,Washington,Erynnis propertius,2,1Valley,MF,
25,june,2022,Washington,Speyeria callippe juba,1,1Valley,MF,
29,june,2022,Castle Peak,Pyrgus communis,3,1LowForest,"CH, RG",
29,june,2022,Castle Peak,Anthocharis stella,3,1LowForest,"CH, RG",
29,june,2022,Castle Peak,Papilio zelicaon,1,1LowForest,"CH, RG",
29,june,2022,Castle Peak,Incisalia eryphon,3,1LowForest,"CH, RG",
29,june,2022,Castle Peak,Plebejus saepiolus,3,1LowForest,"CH, RG",
29,june,2022,Castle Peak,Plebejus icarioides,3,1LowForest,"CH, RG",
29,june,2022,Castle Peak,Celastrina ladon echo,3,1LowForest,"CH, RG",
29,june,2022,Castle Peak,Polygonia zephyrus,3,1LowForest,"CH, RG",
29,june,2022,Castle Peak,Boloria epithore,3,1LowForest,"CH, RG",
29,june,2022,Castle Peak,Chlosyne hoffmanni,1,1LowForest,"CH, RG",
29,june,2022,Castle Peak,Nymphalis californica,1,1LowForest,"CH, RG",
29,june,2022,Castle Peak,Colias eurytheme,3,1LowForest,"CH, RG",
29,june,2022,Castle Peak,Mitoura johnsoni,1,1LowForest,"CH, RG",
29,june,2022,Castle Peak,Glaucopsyche lygdamus,1,1LowForest,"CH, RG",
29,june,2022,Castle Peak,Phyciodes campestris montana,1,1LowForest,"CH, RG",
29,june,2022,Castle Peak,Thorybes mexicana nevada,1,1LowForest,"CH, RG",
29,june,2022,Castle Peak,Euphilotes battoides,1,2CastleAscent,"CH, RG",
29,june,2022,Castle Peak,Plebejus icarioides,1,2CastleAscent,"CH, RG",
29,june,2022,Castle Peak,Anthocharis stella,1,2CastleAscent,"CH, RG",
29,june,2022,Castle Peak,Papilio zelicaon,1,2CastleAscent,"CH, RG",
29,june,2022,Castle Peak,Papilio zelicaon,3,3Ridge,"CH, RG",
29,june,2022,Castle Peak,Nymphalis californica,1,3Ridge,"CH, RG",
29,june,2022,Castle Peak,Pontia occidentalis,3,3Ridge,"CH, RG",
29,june,2022,Castle Peak,Callophrys sheridanii lemberti,1,3Ridge,"CH, RG",
29,june,2022,Castle Peak,Colias eurytheme,3,3Ridge,"CH, RG",
29,june,2022,Castle Peak,Thorybes mexicana nevada,1,3Ridge,"CH, RG",
29,june,2022,Castle Peak,Plebejus icarioides,1,3Ridge,"CH, RG",
29,june,2022,Castle Peak,Euphilotes battoides,1,3Ridge,"CH, RG",
29,june,2022,Castle Peak,Colias eurytheme,3,4BasinDescent,"CH, RG",
29,june,2022,Castle Peak,Nymphalis californica,2,4BasinDescent,"CH, RG",
29,june,2022,Castle Peak,Anthocharis stella,1,4BasinDescent,"CH, RG",
29,june,2022,Castle Peak,Anthocharis stella,3,5HighForest,"CH, RG",
29,june,2022,Castle Peak,Plebejus icarioides,2,5HighForest,"CH, RG",
29,june,2022,Castle Peak,Thorybes mexicana nevada,1,5HighForest,"CH, RG",
29,june,2022,Castle Peak,Colias eurytheme,2,5HighForest,"CH, RG",
29,june,2022,Castle Peak,Euchloe hyantis hyantis,3,5HighForest,"CH, RG",
29,june,2022,Castle Peak,Boloria epithore,1,5HighForest,"CH, RG",
2,july,2022,Donner Pass,Adelpha bredowii californica,3,1Tracks,MF,
2,july,2022,Donner Pass,Anthocharis stella,2,1Tracks,MF,
2,july,2022,Donner Pass,Boloria epithore,3,1Tracks,MF,
2,july,2022,Donner Pass,Celastrina ladon echo,2,1Tracks,MF,
2,july,2022,Donner Pass,Chlosyne hoffmanni,3,1Tracks,MF,
2,july,2022,Donner Pass,Chlosyne palla,3,1Tracks,MF,
2,july,2022,Donner Pass,Colias eurytheme,3,1Tracks,MF,
2,july,2022,Donner Pass,Euphilotes enoptes,2,1Tracks,MF,
2,july,2022,Donner Pass,Junonia coenia,1,1Tracks,MF,
2,july,2022,Donner Pass,Lycaena cupreus,1,1Tracks,MF,
2,july,2022,Donner Pass,Nymphalis antiopa,2,1Tracks,MF,
2,july,2022,Donner Pass,Papilio eurymedon,3,1Tracks,MF,
2,july,2022,Donner Pass,Papilio rutulus,3,1Tracks,MF,
2,july,2022,Donner Pass,Phyciodes campestris montana,3,1Tracks,MF,
2,july,2022,Donner Pass,Vanessa cardui,1,1Tracks,MF,
2,july,2022,Donner Pass,Speyeria egleis,1,1Tracks,MF,
2,july,2022,Donner Pass,Limenitis lorquini,1,1Tracks,MF,
2,july,2022,Donner Pass,Phyciodes mylitta,3,1Tracks,MF,
2,july,2022,Donner Pass,Plebejus acmon,2,1Tracks,MF,
2,july,2022,Donner Pass,Plebejus icarioides,3,1Tracks,MF,
2,july,2022,Donner Pass,Plebejus saepiolus,3,1Tracks,MF,
2,july,2022,Donner Pass,Pyrgus communis,3,1Tracks,MF,
2,july,2022,Donner Pass,Pyrgus ruralis,3,1Tracks,MF,
2,july,2022,Donner Pass,Papilio zelicaon,1,1Tracks,MF,
2,july,2022,Donner Pass,Polites sabuleti tecumseh,1,1Tracks,MF,
2,july,2022,Donner Pass,Lycaena editha,1,1Tracks,MF,
2,july,2022,Donner Pass,Phyciodes mylitta,1,3Bridge,MF,
2,july,2022,Donner Pass,Pyrgus ruralis,1,3Bridge,MF,
2,july,2022,Donner Pass,Nymphalis californica,1,3Bridge,MF,
2,july,2022,Donner Pass,Plebejus lupini,1,3Bridge,MF,
2,july,2022,Donner Pass,Euphilotes enoptes,1,3Bridge,MF,
2,july,2022,Donner Pass,Colias eurytheme,3,2Meadow,MF,
2,july,2022,Donner Pass,Phyciodes mylitta,2,2Meadow,MF,
2,july,2022,Donner Pass,Plebejus saepiolus,3,2Meadow,MF,30+
5,july,2022,Mt Rose,Plebejus icarioides,3,1Forest,MF,30+
5,july,2022,Mt Rose,Colias eurytheme,1,1Forest,MF,
5,july,2022,Mt Rose,Speyeria egleis,1,1Forest,MF,
5,july,2022,Mt Rose,Nymphalis milberti,3,1Forest,MF,
5,july,2022,Mt Rose,Glaucopsyche piasus,1,1Forest,MF,
5,july,2022,Mt Rose,Euphilotes battoides,3,1Forest,MF,
5,july,2022,Mt Rose,Papilio rutulus,2,1Forest,MF,
5,july,2022,Mt Rose,Hesperia juba,1,1Forest,MF,
5,july,2022,Mt Rose,Plebejus saepiolus,3,2Meadow,MF,
5,july,2022,Mt Rose,Thorybes mexicana nevada,3,2Meadow,MF,
5,july,2022,Mt Rose,Colias eurytheme,2,2Meadow,MF,
5,july,2022,Mt Rose,Thorybes mexicana nevada,3,3Alpine,MF,
5,july,2022,Mt Rose,Lycaeides hybrid,1,3Alpine,MF,
5,july,2022,Mt Rose,Plebejus icarioides,3,3Alpine,MF,
5,july,2022,Mt Rose,Euphydryas editha,1,3Alpine,MF,
6,july,2022,Washington,NA,NA,2Serp,MF,
6,july,2022,Washington,Plebejus acmon,1,1Valley,MF,
6,july,2022,Washington,Parnassius clodius,2,1Valley,MF,
6,july,2022,Washington,Ochlodes agricola,2,1Valley,MF,
6,july,2022,Washington,Phyciodes mylitta,1,1Valley,MF,
6,july,2022,Washington,Adelpha bredowii californica,3,1Valley,MF,
6,july,2022,Washington,Speyeria hydaspe,1,1Valley,MF,
6,july,2022,Washington,Cercyonis sthenele silvestris,3,1Valley,MF,
6,july,2022,Washington,Papilio rutulus,3,1Valley,MF,
6,july,2022,Washington,Junonia coenia,1,1Valley,MF,
6,july,2022,Washington,Pieris rapae,1,1Valley,MF,
6,july,2022,Sierra Valley,Junonia coenia,2,1Road,CH,
6,july,2022,Sierra Valley,Colias eurytheme,3,1Road,CH,30+
6,july,2022,Sierra Valley,Coenonympha tullia ampelos,2,1Road,CH,
6,july,2022,Sierra Valley,Phyciodes mylitta,3,1Road,CH,
6,july,2022,Sierra Valley,Pieris rapae,3,1Road,CH,30+
6,july,2022,Sierra Valley,Pontia occidentalis,3,1Road,CH,
6,july,2022,Sierra Valley,Nymphalis californica,1,1Road,CH,
6,july,2022,Sierra Valley,Hesperia colorado idaho,1,1Road,CH,
6,july,2022,Sierra Valley,Pyrgus communis,1,1Road,CH,
6,july,2022,Sierra Valley,Speyeria zerene,1,1Road,CH,
6,july,2022,Sierra Valley,Polites sonora,1,1Road,CH,
6,july,2022,Sierra Valley,Danaus plexippus,1,1Road,CH,
6,july,2022,Sierra Valley,Plebejus acmon,1,1Road,CH,
6,july,2022,Sierra Valley,Pontia occidentalis,3,2Lava,CH,30+
6,july,2022,Sierra Valley,Polites sonora,1,2Lava,CH,
6,july,2022,Sierra Valley,Plebejus acmon,2,2Lava,CH,
8,july,2022,Lang Crossing,Phyciodes campestris montana,3,1Meadow,CH,
8,july,2022,Lang Crossing,Colias eurytheme,1,1Meadow,CH,
8,july,2022,Lang Crossing,Plebejus acmon,2,1Meadow,CH,
8,july,2022,Lang Crossing,Parnassius clodius,3,1Meadow,CH,
8,july,2022,Lang Crossing,Lycaena editha,3,1Meadow,CH,
8,july,2022,Lang Crossing,Phyciodes mylitta,1,1Meadow,CH,
8,july,2022,Lang Crossing,Junonia coenia,1,1Meadow,CH,
8,july,2022,Lang Crossing,Euphilotes battoides,2,1Meadow,CH,
8,july,2022,Lang Crossing,Papilio rutulus,1,1Meadow,CH,
8,july,2022,Lang Crossing,Papilio eurymedon,2,1Meadow,CH,
8,july,2022,Lang Crossing,Plebejus acmon,1,2Forest,CH,
8,july,2022,Lang Crossing,Phyciodes campestris montana,2,2Forest,CH,
8,july,2022,Lang Crossing,Junonia coenia,2,2Forest,CH,
8,july,2022,Lang Crossing,Parnassius clodius,1,2Forest,CH,
8,july,2022,Lang Crossing,Lycaena editha,2,2Forest,CH,
8,july,2022,Lang Crossing,Cercyonis sthenele silvestris,1,2Forest,CH,
8,july,2022,Lang Crossing,Speyeria hydaspe,1,2Forest,CH,
8,july,2022,Lang Crossing,Adelpha bredowii californica,2,2Forest,CH,
8,july,2022,Lang Crossing,Pieris rapae,1,2Forest,CH,
8,july,2022,Lang Crossing,Erynnis propertius,1,3Chap,CH,
8,july,2022,Lang Crossing,Adelpha bredowii californica,2,3Chap,CH,
8,july,2022,Lang Crossing,Papilio eurymedon,1,3Chap,CH,
8,july,2022,Lang Crossing,Satyrium sylvinus,1,3Chap,CH,
13,july,2022,Castle Peak,Phyciodes campestris montana,3,1LowForest,MF,
13,july,2022,Castle Peak,Papilio rutulus,1,1LowForest,MF,
13,july,2022,Castle Peak,Pyrgus communis,3,1LowForest,MF,30+
13,july,2022,Castle Peak,Speyeria mormonia,3,1LowForest,MF,
13,july,2022,Castle Peak,Chlosyne hoffmanni,3,1LowForest,MF,30+
13,july,2022,Castle Peak,Polygonia zephyrus,3,1LowForest,MF,
13,july,2022,Castle Peak,Anthocharis stella,3,1LowForest,MF,
13,july,2022,Castle Peak,Lycaena nivalis,2,1LowForest,MF,
13,july,2022,Castle Peak,Lycaeides idas anna,3,1LowForest,MF,
13,july,2022,Castle Peak,Parnassius clodius,3,1LowForest,MF,
13,july,2022,Castle Peak,Glaucopsyche lygdamus,3,1LowForest,MF,
13,july,2022,Castle Peak,Speyeria egleis,1,1LowForest,MF,
13,july,2022,Castle Peak,Euphilotes battoides,1,1LowForest,MF,
13,july,2022,Castle Peak,Plebejus lupini,3,1LowForest,MF,
13,july,2022,Castle Peak,Plebejus acmon,2,1LowForest,MF,
13,july,2022,Castle Peak,Plebejus icarioides,2,1LowForest,MF,
13,july,2022,Castle Peak,Papilio zelicaon,1,1LowForest,MF,
13,july,2022,Castle Peak,Papilio eurymedon,1,1LowForest,MF,
13,july,2022,Castle Peak,Plebejus saepiolus,3,1LowForest,MF,
13,july,2022,Castle Peak,Incisalia eryphon,1,1LowForest,MF,
13,july,2022,Castle Peak,Thorybes mexicana nevada,1,1LowForest,MF,
13,july,2022,Castle Peak,Agriades podarce,1,1LowForest,MF,
13,july,2022,Castle Peak,Junonia coenia,1,1LowForest,MF,
13,july,2022,Castle Peak,Anthocharis stella,3,2CastleAscent,MF,
13,july,2022,Castle Peak,Parnassius clodius,3,2CastleAscent,MF,
13,july,2022,Castle Peak,Euphilotes battoides,2,2CastleAscent,MF,
13,july,2022,Castle Peak,Plebejus lupini,1,2CastleAscent,MF,
13,july,2022,Castle Peak,Plebejus acmon,2,2CastleAscent,MF,
13,july,2022,Castle Peak,Plebejus icarioides,3,2CastleAscent,MF,
13,july,2022,Castle Peak,Papilio zelicaon,1,2CastleAscent,MF,
13,july,2022,Castle Peak,Papilio eurymedon,1,2CastleAscent,MF,
13,july,2022,Castle Peak,Pyrgus communis,1,3Ridge,MF,
13,july,2022,Castle Peak,Speyeria egleis,3,3Ridge,MF,
13,july,2022,Castle Peak,Euphilotes battoides,3,3Ridge,MF,
13,july,2022,Castle Peak,Plebejus lupini,3,3Ridge,MF,
13,july,2022,Castle Peak,Plebejus icarioides,1,3Ridge,MF,
13,july,2022,Castle Peak,Papilio zelicaon,3,3Ridge,MF,
13,july,2022,Castle Peak,Pontia occidentalis,3,3Ridge,MF,
13,july,2022,Castle Peak,Pontia sisymbrii,1,3Ridge,MF,
13,july,2022,Castle Peak,Papilio indra,1,3Ridge,MF,
13,july,2022,Castle Peak,Satyrium fuliginosum fuliginosum,3,3Ridge,MF,
13,july,2022,Castle Peak,Colias eurytheme,3,3Ridge,MF,
13,july,2022,Castle Peak,Nymphalis milberti,1,3Ridge,MF,
13,july,2022,Castle Peak,Euchloe hyantis hyantis,3,3Ridge,MF,
13,july,2022,Castle Peak,Nymphalis californica,1,3Ridge,MF,
13,july,2022,Castle Peak,Pyrgus communis,2,4BasinDescent,MF,
13,july,2022,Castle Peak,Speyeria egleis,1,4BasinDescent,MF,
13,july,2022,Castle Peak,Euphilotes battoides,3,4BasinDescent,MF,
13,july,2022,Castle Peak,Plebejus icarioides,1,4BasinDescent,MF,
13,july,2022,Castle Peak,Papilio zelicaon,3,4BasinDescent,MF,
13,july,2022,Castle Peak,Pontia occidentalis,1,4BasinDescent,MF,
13,july,2022,Castle Peak,Colias eurytheme,3,4BasinDescent,MF,
13,july,2022,Castle Peak,Nymphalis milberti,1,4BasinDescent,MF,
13,july,2022,Castle Peak,Plebejus shasta,1,4BasinDescent,MF,
13,july,2022,Castle Peak,Phyciodes campestris montana,1,5HighForest,MF,
13,july,2022,Castle Peak,Pyrgus communis,2,5HighForest,MF,
13,july,2022,Castle Peak,Chlosyne hoffmanni,3,5HighForest,MF,
13,july,2022,Castle Peak,Anthocharis stella,1,5HighForest,MF,
13,july,2022,Castle Peak,Parnassius clodius,3,5HighForest,MF,
13,july,2022,Castle Peak,Speyeria egleis,1,5HighForest,MF,
13,july,2022,Castle Peak,Plebejus lupini,1,5HighForest,MF,
13,july,2022,Castle Peak,Plebejus icarioides,2,5HighForest,MF,
13,july,2022,Castle Peak,Colias eurytheme,3,5HighForest,MF,
13,july,2022,Castle Peak,Plebejus saepiolus,1,5HighForest,MF,
13,july,2022,Castle Peak,Euchloe hyantis hyantis,1,5HighForest,MF,
13,july,2022,Castle Peak,Vanessa annabella,1,5HighForest,MF,
14,july,2022,Donner Pass,Chlosyne hoffmanni,3,1Tracks,"CH, TB",
14,july,2022,Donner Pass,Chlosyne palla,3,1Tracks,"CH, TB",
14,july,2022,Donner Pass,Phyciodes campestris montana,3,1Tracks,"CH, TB",30+
14,july,2022,Donner Pass,Parnassius clodius,3,1Tracks,"CH, TB",
14,july,2022,Donner Pass,Papilio eurymedon,3,1Tracks,"CH, TB",
14,july,2022,Donner Pass,Phycidoes mylitta,3,1Tracks,"CH, TB",
14,july,2022,Donner Pass,Lycaeides idas anna,3,1Tracks,"CH, TB",
14,july,2022,Donner Pass,Papilio rutulus,3,1Tracks,"CH, TB",
14,july,2022,Donner Pass,Anthocharis stella,1,1Tracks,"CH, TB",
14,july,2022,Donner Pass,Limenitis lorquini,3,1Tracks,"CH, TB",
14,july,2022,Donner Pass,Lycaena editha,3,1Tracks,"CH, TB",
14,july,2022,Donner Pass,Pyrgus communis,3,1Tracks,"CH, TB",
14,july,2022,Donner Pass,Colias eurytheme,3,1Tracks,"CH, TB",
14,july,2022,Donner Pass,Speyeria egleis,1,1Tracks,"CH, TB",
14,july,2022,Donner Pass,Polites sonora,3,1Tracks,"CH, TB",
14,july,2022,Donner Pass,Speyeria atlantis,3,1Tracks,"CH, TB",
14,july,2022,Donner Pass,Polygonia zephyrus,2,1Tracks,"CH, TB",
14,july,2022,Donner Pass,Plebejus saepiolus,3,1Tracks,"CH, TB",30+
14,july,2022,Donner Pass,Euphilotes battoides,1,1Tracks,"CH, TB",
14,july,2022,Donner Pass,Plebejus acmon,3,1Tracks,"CH, TB",
14,july,2022,Donner Pass,Papilio zelicaon,1,1Tracks,"CH, TB",
14,july,2022,Donner Pass,Pieris rapae,1,1Tracks,"CH, TB",
14,july,2022,Donner Pass,Pontia occidentalis,1,1Tracks,"CH, TB",
14,july,2022,Donner Pass,Pontia protodice,1,1Tracks,"CH, TB",
14,july,2022,Donner Pass,Junonia coenia,3,1Tracks,"CH, TB",
14,july,2022,Donner Pass,Plebejus icarioides,3,1Tracks,"CH, TB",
14,july,2022,Donner Pass,Euphilotes enoptes,2,1Tracks,"CH, TB",photo check
14,july,2022,Donner Pass,Nymphalis antiopa,1,1Tracks,"CH, TB",
14,july,2022,Donner Pass,Mitoura johnsoni,1,1Tracks,"CH, TB",photo check
14,july,2022,Donner Pass,Plebejus saepiolus,3,2Meadow,"CH, TB",30+
14,july,2022,Donner Pass,Polites sabuleti tecumseh,3,2Meadow,"CH, TB",
14,july,2022,Donner Pass,Phyciodes campestris montana,3,2Meadow,"CH, TB",
14,july,2022,Donner Pass,Vanessa virginiensis,1,2Meadow,"CH, TB",
14,july,2022,Donner Pass,Phyciodes mylitta,1,2Meadow,"CH, TB",
14,july,2022,Donner Pass,Plebejus acmon,1,3Bridge,"CH, TB",
17,july,2022,Washington,Plebejus acmon,1,2Serp,MF,
17,july,2022,Washington,Adelpha bredowii californica,3,1Valley,MF,
17,july,2022,Washington,Papilio rutulus,3,1Valley,MF,
17,july,2022,Washington,Parnassius clodius,1,1Valley,MF,
17,july,2022,Washington,Phyciodes mylitta,2,1Valley,MF,
17,july,2022,Washington,Junonia coenia,1,1Valley,MF,
17,july,2022,Washington,Cercyonis sthenele silvestris,3,1Valley,MF,
17,july,2022,Washington,Papilio eurymedon,1,1Valley,MF,
17,july,2022,Washington,Ochlodes sylvanoides,1,1Valley,MF,
17,july,2022,Washington,Speyeria hydaspe,2,1Valley,MF,
18,july,2022,Mt Rose,Plebejus icarioides,3,1Forest,MF,
18,july,2022,Mt Rose,Euphilotes battoides,2,1Forest,MF,
18,july,2022,Mt Rose,Satyrium fuliginosum semiluna,3,1Forest,MF,
18,july,2022,Mt Rose,Papilio rutulus,3,1Forest,MF,
18,july,2022,Mt Rose,Speyeria egleis,3,1Forest,MF,
18,july,2022,Mt Rose,Phyciodes mylitta,1,1Forest,MF,
18,july,2022,Mt Rose,Nymphalis californica,1,1Forest,MF,
18,july,2022,Mt Rose,Colias eurytheme,1,1Forest,MF,
18,july,2022,Mt Rose,Chlosyne hoffmanni,3,1Forest,MF,
18,july,2022,Mt Rose,Plebejus acmon,1,1Forest,MF,
18,july,2022,Mt Rose,Plebejus shasta,1,1Forest,MF,
18,july,2022,Mt Rose,Polites sonora,1,1Forest,MF,
18,july,2022,Mt Rose,Phyciodes mylitta,1,2Meadow,MF,
18,july,2022,Mt Rose,Nymphalis californica,1,2Meadow,MF,
18,july,2022,Mt Rose,Colias eurytheme,2,2Meadow,MF,
18,july,2022,Mt Rose,Chlosyne hoffmanni,1,2Meadow,MF,
18,july,2022,Mt Rose,Plebejus saepiolus,3,2Meadow,MF,30+
18,july,2022,Mt Rose,Polites sabuleti tecumseh,3,2Meadow,MF,
18,july,2022,Mt Rose,Thorybes mexicana nevada,3,2Meadow,MF,
18,july,2022,Mt Rose,Speyeria mormonia,3,2Meadow,MF,
18,july,2022,Mt Rose,Pontia occidentalis,1,2Meadow,MF,
18,july,2022,Mt Rose,Agriades podarce,2,2Meadow,MF,
18,july,2022,Mt Rose,Polites sonora,2,2Meadow,MF,
18,july,2022,Mt Rose,Plebejus icarioides,3,3Alpine,MF,
18,july,2022,Mt Rose,Satyrium fuliginosum semiluna,2,3Alpine,MF,
18,july,2022,Mt Rose,Speyeria egleis,3,3Alpine,MF,
18,july,2022,Mt Rose,Nymphalis californica,1,3Alpine,MF,
18,july,2022,Mt Rose,Chlosyne hoffmanni,1,3Alpine,MF,
18,july,2022,Mt Rose,Thorybes mexicana nevada,1,3Alpine,MF,
18,july,2022,Mt Rose,Lycaeides hybrid,3,3Alpine,MF,
18,july,2022,Mt Rose,Plebejus acmon,1,3Alpine,MF,
18,july,2022,Mt Rose,Euphydryas editha,2,3Alpine,MF,
21,july,2022,Sierra Valley,Plebejus acmon,1,2Lava,MF,
21,july,2022,Sierra Valley,Pontia occidentalis,3,1Road,MF,
21,july,2022,Sierra Valley,Colias eurytheme,3,1Road,MF,30+
21,july,2022,Sierra Valley,Coenonympha tullia ampelos,1,1Road,MF,
21,july,2022,Sierra Valley,Phyciodes mylitta,3,1Road,MF,
21,july,2022,Sierra Valley,Lycaena helloides,3,1Road,MF,
21,july,2022,Sierra Valley,Satyrium californica,1,1Road,MF,
21,july,2022,Sierra Valley,Colias philodice,3,1Road,MF,
21,july,2022,Sierra Valley,Junonia coenia,2,1Road,MF,
21,july,2022,Sierra Valley,Cercyonis sthenele silvestris,2,1Road,MF,
21,july,2022,Sierra Valley,Pieris rapae,3,1Road,MF,
21,july,2022,Sierra Valley,Lycaeides melissa melissa,3,1Road,MF,
21,july,2022,Sierra Valley,Pyrgus communis,2,1Road,MF,
21,july,2022,Sierra Valley,Papilio multicaudatus,1,1Road,MF,
21,july,2022,Sierra Valley,Pontia protodice,1,1Road,MF,
21,july,2022,Sierra Valley,Satyrium behrii,3,1Road,MF,
21,july,2022,Sierra Valley,Satyrium saepium,1,1Road,MF,
21,july,2022,Sierra Valley,Plebejus acmon,2,1Road,MF,
22,july,2022,Lang Crossing,Lycaena editha,3,1Meadow,MF,
22,july,2022,Lang Crossing,Parnassius clodius,3,1Meadow,MF,
22,july,2022,Lang Crossing,Papilio rutulus,2,1Meadow,MF,
22,july,2022,Lang Crossing,Phyciodes mylitta,3,1Meadow,MF,
22,july,2022,Lang Crossing,Phyciodes campestris montana,1,1Meadow,MF,
22,july,2022,Lang Crossing,Junonia coenia,2,1Meadow,MF,
22,july,2022,Lang Crossing,Plebejus acmon,1,1Meadow,MF,
22,july,2022,Lang Crossing,Polites sonora,1,1Meadow,MF,
22,july,2022,Lang Crossing,Danaus plexippus,1,1Meadow,MF,
22,july,2022,Lang Crossing,Colias eurytheme,1,1Meadow,MF,
22,july,2022,Lang Crossing,Speyeria hydaspe,1,1Meadow,MF,
22,july,2022,Lang Crossing,Pieris rapae,1,1Meadow,MF,
22,july,2022,Lang Crossing,Papilio rutulus,1,2Forest,MF,
22,july,2022,Lang Crossing,Plebejus acmon,1,2Forest,MF,
22,july,2022,Lang Crossing,Speyeria hydaspe,1,2Forest,MF,
22,july,2022,Lang Crossing,Plebejus acmon,1,3Chap,MF,
22,july,2022,Lang Crossing,Cercyonis sthenele silvestris,1,3Chap,MF,
29,july,2022,Donner Pass,Lycaena editha,3,1Tracks,CH,30+
29,july,2022,Donner Pass,Limenitis lorquini,3,1Tracks,CH,
29,july,2022,Donner Pass,Chlosyne hoffmanni,3,1Tracks,CH,
29,july,2022,Donner Pass,Phyciodes campestris montana,3,1Tracks,CH,30+
29,july,2022,Donner Pass,Lycaena arota arota,3,1Tracks,CH,
29,july,2022,Donner Pass,Phyciodes mylitta,3,1Tracks,CH,
29,july,2022,Donner Pass,Plebejus acmon,3,1Tracks,CH,
29,july,2022,Donner Pass,Lycaeides idas anna,3,1Tracks,CH,
29,july,2022,Donner Pass,Lycaena nivalis,3,1Tracks,CH,
29,july,2022,Donner Pass,Speyeria zerene,1,1Tracks,CH,
29,july,2022,Donner Pass,Colias eurytheme,3,1Tracks,CH,
29,july,2022,Donner Pass,Speyeria egleis,1,1Tracks,CH,
29,july,2022,Donner Pass,Speyeria atlantis,3,1Tracks,CH,
29,july,2022,Donner Pass,Parnassius clodius,1,1Tracks,CH,
29,july,2022,Donner Pass,Plebejus icarioides,2,1Tracks,CH,
29,july,2022,Donner Pass,Pontia occidentalis,1,1Tracks,CH,
29,july,2022,Donner Pass,Pieris rapae,2,1Tracks,CH,
29,july,2022,Donner Pass,Euphilotes enoptes,1,1Tracks,CH,
29,july,2022,Donner Pass,Satyrium saepium,2,1Tracks,CH,
29,july,2022,Donner Pass,Plebejus saepiolus,3,1Tracks,CH,
29,july,2022,Donner Pass,Speyeria mormonia,3,1Tracks,CH,
29,july,2022,Donner Pass,Satyrium sylvinus,2,1Tracks,CH,
29,july,2022,Donner Pass,Junonia coenia,1,1Tracks,CH,
29,july,2022,Donner Pass,Pyrgus communis,2,1Tracks,CH,
29,july,2022,Donner Pass,Euphilotes battoides,3,1Tracks,CH,
29,july,2022,Donner Pass,Polites sonora,2,1Tracks,CH,
29,july,2022,Donner Pass,Lycaena heteronea,3,1Tracks,CH,
29,july,2022,Donner Pass,Satyrium californica,1,1Tracks,CH,
29,july,2022,Donner Pass,Nymphalis californica,1,1Tracks,CH,
29,july,2022,Donner Pass,Pontia protodice,1,1Tracks,CH,
29,july,2022,Donner Pass,Papilio rutulus,3,1Tracks,CH,
29,july,2022,Donner Pass,Adelpha bredowii californica,1,1Tracks,CH,
29,july,2022,Donner Pass,Nymphalis antiopa,1,1Tracks,CH,
29,july,2022,Donner Pass,Phyciodes campestris montana,3,2Meadow,CH,30+
29,july,2022,Donner Pass,Colias eurytheme,2,2Meadow,CH,
29,july,2022,Donner Pass,Speyeria mormonia,1,2Meadow,CH,
29,july,2022,Donner Pass,Satyrium sylvinus,1,2Meadow,CH,
29,july,2022,Donner Pass,Plebejus saepiolus,3,2Meadow,CH,
29,july,2022,Donner Pass,Phyciodes mylitta,2,2Meadow,CH,
29,july,2022,Donner Pass,Lycaena nivalis,1,2Meadow,CH,
29,july,2022,Donner Pass,Lycaena editha,1,3Bridge,CH,30+
29,july,2022,Donner Pass,Pontia beckerii,1,3Bridge,CH,
30,july,2022,Castle Peak,Chlosyne hoffmanni,3,1LowForest,CH,
30,july,2022,Castle Peak,Lycaeides idas anna,3,1LowForest,CH,
30,july,2022,Castle Peak,Parnassius clodius,3,1LowForest,CH,
30,july,2022,Castle Peak,Phyciodes campestris montana,3,1LowForest,CH,
30,july,2022,Castle Peak,Speyeria egleis,3,1LowForest,CH,30+
30,july,2022,Castle Peak,Colias eurytheme,3,1LowForest,CH,
30,july,2022,Castle Peak,Pyrgus communis,3,1LowForest,CH,30+
30,july,2022,Castle Peak,Junonia coenia,1,1LowForest,CH,
30,july,2022,Castle Peak,Incisalia eryphon,1,1LowForest,CH,
30,july,2022,Castle Peak,Phyciodes mylitta,3,1LowForest,CH,
30,july,2022,Castle Peak,Speyeria atlantis,3,1LowForest,CH,
30,july,2022,Castle Peak,Speyeria mormonia,2,1LowForest,CH,
30,july,2022,Castle Peak,Agriades podarce,1,1LowForest,CH,
30,july,2022,Castle Peak,Plebejus saepiolus,1,1LowForest,CH,
30,july,2022,Castle Peak,Euphilotes battoides,1,2CastleAscent,CH,
30,july,2022,Castle Peak,Speyeria egleis,2,2CastleAscent,CH,30+
30,july,2022,Castle Peak,Papilio zelicaon,1,2CastleAscent,CH,30+
30,july,2022,Castle Peak,Papilio zelicaon,3,3Ridge,CH,30+
30,july,2022,Castle Peak,Pontia occidentalis,3,3Ridge,CH,30+
30,july,2022,Castle Peak,Speyeria egleis,3,3Ridge,CH,30+
30,july,2022,Castle Peak,Plebejus shasta,3,3Ridge,CH,30+
30,july,2022,Castle Peak,Plebejus acmon,1,3Ridge,CH,
30,july,2022,Castle Peak,Limenitis lorquini,2,3Ridge,CH,
30,july,2022,Castle Peak,Nymphalis californica,1,3Ridge,CH,
30,july,2022,Castle Peak,Euchloe hyantis hyantis,3,3Ridge,CH,
30,july,2022,Castle Peak,Satyrium fuliginosum fuliginosum,2,3Ridge,CH,
30,july,2022,Castle Peak,Colias eurytheme,1,3Ridge,CH,
30,july,2022,Castle Peak,Cercyonis oetus,1,3Ridge,CH,
30,july,2022,Castle Peak,Papilio indra,1,3Ridge,CH,
30,july,2022,Castle Peak,Polygonia zephyrus,1,3Ridge,CH,
30,july,2022,Castle Peak,Colias eurytheme,2,4BasinDescent,CH,
30,july,2022,Castle Peak,Papilio eurymedon,1,4BasinDescent,CH,
30,july,2022,Castle Peak,Limenitis lorquini,1,4BasinDescent,CH,
30,july,2022,Castle Peak,Plebejus icarioides,2,5HighForest,CH,
30,july,2022,Castle Peak,Speyeria egleis,3,5HighForest,CH,30+
30,july,2022,Castle Peak,Pyrgus communis,3,5HighForest,CH,30+
30,july,2022,Castle Peak,Lycaeides idas anna,3,5HighForest,CH,
30,july,2022,Castle Peak,Parnassius clodius,2,5HighForest,CH,
31,july,2022,Washington,NA,NA,2Serp,MF,
31,july,2022,Washington,Adelpha bredowii californica,3,1Valley,MF,
31,july,2022,Washington,Phyciodes mylitta,2,1Valley,MF,
31,july,2022,Washington,Cercyonis sthenele silvestris,1,1Valley,MF,
31,july,2022,Washington,Plebejus acmon,1,1Valley,MF,
31,july,2022,Washington,Pontia protodice,1,1Valley,MF,~
3,august,2022,Lang Crossing,Phyciodes mylitta,2,1Meadow,CH,
3,august,2022,Lang Crossing,Lycaena editha,3,1Meadow,CH,
3,august,2022,Lang Crossing,Plebejus acmon,3,1Meadow,CH,
3,august,2022,Lang Crossing,Colias eurytheme,1,1Meadow,CH,
3,august,2022,Lang Crossing,Speyeria hydaspe,3,1Meadow,CH,
3,august,2022,Lang Crossing,Junonia coenia,2,1Meadow,CH,
3,august,2022,Lang Crossing,Speyeria hydaspe,2,2Forest,CH,
3,august,2022,Lang Crossing,Junonia coenia,2,2Forest,CH,
3,august,2022,Lang Crossing,Phyciodes mylitta,2,2Forest,CH,
3,august,2022,Lang Crossing,Plebejus acmon,2,2Forest,CH,
3,august,2022,Lang Crossing,Colias eurytheme,2,2Forest,CH,
3,august,2022,Lang Crossing,Euphilotes enoptes,1,2Forest,CH,
3,august,2022,Lang Crossing,Limenitis lorquini,1,2Forest,CH,
3,august,2022,Lang Crossing,Neophasia menapia,1,2Forest,CH,
3,august,2022,Lang Crossing,Cercyonis sthenele silvestris,2,2Forest,CH,
3,august,2022,Lang Crossing,Pieris rapae,1,2Forest,CH,
3,august,2022,Lang Crossing,Speyeria hydaspe,1,3Chap,CH,
3,august,2022,Lang Crossing,Cercyonis sthenele silvestris,2,3Chap,CH,
3,august,2022,Lang Crossing,Limenitis lorquini,1,3Chap,CH,
4,august,2022,Mt Rose,Nymphalis californica,3,1Forest,"CH, MF, EG",
4,august,2022,Mt Rose,Phyciodes mylitta,3,1Forest,"CH, MF, EG",
4,august,2022,Mt Rose,Limenitis lorquini,3,1Forest,"CH, MF, EG",
4,august,2022,Mt Rose,Satyrium fuliginosum semiluna,3,1Forest,"CH, MF, EG",
4,august,2022,Mt Rose,Colias eurytheme,3,1Forest,"CH, MF, EG",
4,august,2022,Mt Rose,Speyeria egleis,3,1Forest,"CH, MF, EG",
4,august,2022,Mt Rose,Pontia occidentalis,2,1Forest,"CH, MF, EG",
4,august,2022,Mt Rose,Papilio rutulus,1,1Forest,"CH, MF, EG",
4,august,2022,Mt Rose,Plebejus shasta,3,1Forest,"CH, MF, EG",
4,august,2022,Mt Rose,Plebejus icarioides,3,1Forest,"CH, MF, EG",
4,august,2022,Mt Rose,Speyeria egleis,2,3Alpine,"CH, MF, EG",
4,august,2022,Mt Rose,Colias eurytheme,1,3Alpine,"CH, MF, EG",
4,august,2022,Mt Rose,Pontia occidentalis,3,3Alpine,"CH, MF, EG",
4,august,2022,Mt Rose,Euphydryas editha,3,3Alpine,"CH, MF, EG",
4,august,2022,Mt Rose,Lycaeides hybrid,3,3Alpine,"CH, MF, EG",
4,august,2022,Mt Rose,Polites sonora,1,3Alpine,"CH, MF, EG",
4,august,2022,Mt Rose,Plebejus icarioides,2,3Alpine,"CH, MF, EG",
4,august,2022,Mt Rose,Speyeria mormonia,3,2Meadow,"CH, MF, EG",
4,august,2022,Mt Rose,Plebejus saepiolus,3,2Meadow,"CH, MF, EG",
4,august,2022,Mt Rose,Agriades podarce,3,2Meadow,"CH, MF, EG",
4,august,2022,Mt Rose,Phyciodes mylitta,2,2Meadow,"CH, MF, EG",
4,august,2022,Mt Rose,Colias eurytheme,3,2Meadow,"CH, MF, EG",
4,august,2022,Mt Rose,Pontia occidentalis,3,2Meadow,"CH, MF, EG",
4,august,2022,Mt Rose,Polites sabuleti tecumseh,3,2Meadow,"CH, MF, EG",
4,august,2022,Mt Rose,Thorybes mexicana nevada,1,2Meadow,"CH, MF, EG",
4,august,2022,Mt Rose,Nymphalis californica,1,2Meadow,"CH, MF, EG",
4,august,2022,Mt Rose,Limenitis lorquini,1,2Meadow,"CH, MF, EG",
4,august,2022,Mt Rose,Phyciodes campestris montana,1,2Meadow,"CH, MF, EG",
4,august,2022,Mt Rose,Chlosyne hoffmanni,1,2Meadow,"CH, MF, EG",
4,august,2022,Mt Rose,Polites sonora,1,2Meadow,"CH, MF, EG",
7,august,2022,Sierra Valley,Plebejus acmon,3,1Road,"CH, MF",
7,august,2022,Sierra Valley,Lycaeides melissa melissa,3,1Road,"CH, MF",
7,august,2022,Sierra Valley,Pontia occidentalis,3,1Road,"CH, MF",30+
7,august,2022,Sierra Valley,Pieris rapae,3,1Road,"CH, MF",
7,august,2022,Sierra Valley,Colias eurytheme,3,1Road,"CH, MF",30+
7,august,2022,Sierra Valley,Pontia protodice,1,1Road,"CH, MF",
7,august,2022,Sierra Valley,Papilio rutulus,1,1Road,"CH, MF",
7,august,2022,Sierra Valley,Papilio multicaudatus,1,1Road,"CH, MF",
7,august,2022,Sierra Valley,Coenonympha tullia ampelos,3,1Road,"CH, MF",
7,august,2022,Sierra Valley,Polites sabuleti ssp.,2,1Road,"CH, MF",
7,august,2022,Sierra Valley,Ochlodes sylvanoides,3,1Road,"CH, MF",
7,august,2022,Sierra Valley,Phyciodes mylitta,3,1Road,"CH, MF",30+
7,august,2022,Sierra Valley,Cercyonis pegala boopis,2,1Road,"CH, MF",
7,august,2022,Sierra Valley,Cercyonis sthenele silvestris,1,1Road,"CH, MF",
7,august,2022,Sierra Valley,Vanessa annabella,1,1Road,"CH, MF",
7,august,2022,Sierra Valley,Pyrgus communis,2,1Road,"CH, MF",
7,august,2022,Sierra Valley,Junonia coenia,3,1Road,"CH, MF",
7,august,2022,Sierra Valley,Lycaena helloides,1,1Road,"CH, MF",
7,august,2022,Sierra Valley,Hesperia colorado idaho,1,1Road,"CH, MF",
7,august,2022,Sierra Valley,Plebejus acmon,3,2Lava,"CH, MF",
7,august,2022,Sierra Valley,Pontia beckerii,2,2Lava,"CH, MF",
7,august,2022,Sierra Valley,Pontia occidentalis,1,2Lava,"CH, MF",30+
11,august,2022,Donner Pass,Colias eurytheme,3,1Tracks,CH,
11,august,2022,Donner Pass,Lycaena editha,3,1Tracks,CH,30+
11,august,2022,Donner Pass,Plebejus acmon,3,1Tracks,CH,
11,august,2022,Donner Pass,Phyciodes campestris montana,3,1Tracks,CH,
11,august,2022,Donner Pass,Phyciodes mylitta,3,1Tracks,CH,
11,august,2022,Donner Pass,Nymphalis antiopa,3,1Tracks,CH,
11,august,2022,Donner Pass,Polites sonora,1,1Tracks,CH,
11,august,2022,Donner Pass,Speyeria atlantis,3,1Tracks,CH,
11,august,2022,Donner Pass,Limenitis lorquini,3,1Tracks,CH,
11,august,2022,Donner Pass,Hesperia colorado harpalus,1,1Tracks,CH,
11,august,2022,Donner Pass,Speyeria egleis,3,1Tracks,CH,
11,august,2022,Donner Pass,Satyrium sylvinus,3,1Tracks,CH,30+
11,august,2022,Donner Pass,Plebejus icarioides,1,1Tracks,CH,
11,august,2022,Donner Pass,Lycaeides idas anna,3,1Tracks,CH,
11,august,2022,Donner Pass,Polygonia zephyrus,1,1Tracks,CH,
11,august,2022,Donner Pass,Lycaena arota arota,3,1Tracks,CH,
11,august,2022,Donner Pass,Junonia coenia,2,1Tracks,CH,
11,august,2022,Donner Pass,Lycaena nivalis,3,1Tracks,CH,
11,august,2022,Donner Pass,Pyrgus communis,3,1Tracks,CH,
11,august,2022,Donner Pass,Speyeria mormonia,3,1Tracks,CH,
11,august,2022,Donner Pass,Habrodais grunus,1,1Tracks,CH,
11,august,2022,Donner Pass,Plebejus saepiolus,1,1Tracks,CH,
11,august,2022,Donner Pass,Vanessa virginiensis,1,1Tracks,CH,
11,august,2022,Donner Pass,Lycaena heteronea,3,1Tracks,CH,
11,august,2022,Donner Pass,Satyrium saepium,3,1Tracks,CH,
11,august,2022,Donner Pass,Pontia occidentalis,3,1Tracks,CH,
11,august,2022,Donner Pass,Pieris rapae,1,1Tracks,CH,
11,august,2022,Donner Pass,Neophasia menapia,1,1Tracks,CH,
11,august,2022,Donner Pass,Phyciodes campestris montana,3,2Meadow,CH,
11,august,2022,Donner Pass,Satyrium sylvinus,3,2Meadow,CH,30+
11,august,2022,Donner Pass,Limenitis lorquini,3,2Meadow,CH,
11,august,2022,Donner Pass,Polites sabuleti tecumseh,1,2Meadow,CH,
11,august,2022,Donner Pass,Speyeria egleis,1,2Meadow,CH,30+
11,august,2022,Donner Pass,Speyeria mormonia,3,2Meadow,CH,
11,august,2022,Donner Pass,Lycaena editha,3,2Meadow,CH,
11,august,2022,Donner Pass,NA,NA,3Bridge,CH,
12,august,2022,Castle Peak,Plebejus icarioides,2,1LowForest,"CH, AT",
12,august,2022,Castle Peak,Lycaena nivalis,3,1LowForest,"CH, AT",
12,august,2022,Castle Peak,Satyrium sylvinus,1,1LowForest,"CH, AT",
12,august,2022,Castle Peak,Speyeria mormonia,3,1LowForest,"CH, AT",
12,august,2022,Castle Peak,Lycaeides idas anna,3,1LowForest,"CH, AT",
12,august,2022,Castle Peak,Phyciodes campestris montana,2,1LowForest,"CH, AT",
12,august,2022,Castle Peak,Speyeria atlantis,3,1LowForest,"CH, AT",
12,august,2022,Castle Peak,Limenitis lorquini,3,1LowForest,"CH, AT",
12,august,2022,Castle Peak,Pyrgus communis,1,1LowForest,"CH, AT",
12,august,2022,Castle Peak,Phyciodes mylitta,1,1LowForest,"CH, AT",
12,august,2022,Castle Peak,Polygonia zephyrus,1,1LowForest,"CH, AT",
12,august,2022,Castle Peak,Speyeria egleis,3,2CastleAscent,"CH, AT",30+
12,august,2022,Castle Peak,Speyeria egleis,3,3Ridge,"CH, AT",
12,august,2022,Castle Peak,Papilio zelicaon,3,3Ridge,"CH, AT",
12,august,2022,Castle Peak,Limenitis lorquini,2,3Ridge,"CH, AT",
12,august,2022,Castle Peak,Satyrium fuliginosum fuliginosum,1,3Ridge,"CH, AT",
12,august,2022,Castle Peak,Plebejus shasta,3,3Ridge,"CH, AT",
12,august,2022,Castle Peak,Pontia occidentalis,3,3Ridge,"CH, AT",
12,august,2022,Castle Peak,Colias eurytheme,1,3Ridge,"CH, AT",
12,august,2022,Castle Peak,Colias eurytheme,1,4BasinDescent,"CH, AT",
12,august,2022,Castle Peak,Speyeria egleis,3,4BasinDescent,"CH, AT",
12,august,2022,Castle Peak,Danaus plexippus,1,4BasinDescent,"CH, AT",
12,august,2022,Castle Peak,Polygonia zephyrus,1,4BasinDescent,"CH, AT",
12,august,2022,Castle Peak,Phyciodes mylitta,1,4BasinDescent,"CH, AT",
12,august,2022,Castle Peak,Lycaeides idas anna,1,4BasinDescent,"CH, AT",
12,august,2022,Castle Peak,Lycaeides idas anna,3,5HighForest,"CH, AT",
12,august,2022,Castle Peak,Pyrgus communis,1,5HighForest,"CH, AT",
12,august,2022,Castle Peak,Hesperia juba,1,5HighForest,"CH, AT",
12,august,2022,Castle Peak,Limenitis lorquini,3,5HighForest,"CH, AT",
12,august,2022,Castle Peak,Speyeria egleis,3,5HighForest,"CH, AT",
12,august,2022,Castle Peak,Plebejus icarioides,2,5HighForest,"CH, AT",
12,august,2022,Castle Peak,Satyrium saepium,1,5HighForest,"CH, AT",
14,august,2022,Washington,Plebejus acmon,2,2Serp,MF,
14,august,2022,Washington,Adelpha bredowii californica,3,1Valley,MF,
14,august,2022,Washington,Papilio rutulus,3,1Valley,MF,
19,august,2022,Lang Crossing,Lycaena editha,3,1Meadow,CH,
19,august,2022,Lang Crossing,Lycaena arota arota,1,1Meadow,CH,
19,august,2022,Lang Crossing,Colias eurytheme,1,1Meadow,CH,
19,august,2022,Lang Crossing,Plebejus acmon,3,1Meadow,CH,
19,august,2022,Lang Crossing,Phyciodes mylitta,3,1Meadow,CH,
19,august,2022,Lang Crossing,Ochlodes sylvanoides,1,1Meadow,CH,
19,august,2022,Lang Crossing,Speyeria hydaspe,1,2Forest,CH,
19,august,2022,Lang Crossing,Ochlodes sylvanoides,1,2Forest,CH,
19,august,2022,Lang Crossing,Euphilotes enoptes,3,2Forest,CH,
19,august,2022,Lang Crossing,Junonia coenia,3,2Forest,CH,
19,august,2022,Lang Crossing,Apodemia mormo,1,2Forest,CH,
19,august,2022,Lang Crossing,Adelpha bredowii californica,3,2Forest,CH,
19,august,2022,Lang Crossing,Cercyonis sthenele silvestris,2,2Forest,CH,
19,august,2022,Lang Crossing,Plebejus acmon,2,3Chap,CH,
19,august,2022,Lang Crossing,Adelpha bredowii californica,1,3Chap,CH,
19,august,2022,Lang Crossing,Cercyonis sthenele silvestris,1,3Chap,CH,
19,august,2022,Lang Crossing,Apodemia mormo,2,3Chap,CH,
19,august,2022,Mt Rose,Speyeria egleis,3,1Forest,MF,30+
19,august,2022,Mt Rose,Colias eurytheme,2,1Forest,MF,
19,august,2022,Mt Rose,Nymphalis californica,1,1Forest,MF,
19,august,2022,Mt Rose,Satyrium fuliginosum semiluna,3,1Forest,MF,
19,august,2022,Mt Rose,Colias eurytheme,3,2Meadow,MF,
19,august,2022,Mt Rose,Speyeria mormonia,3,2Meadow,MF,30+
19,august,2022,Mt Rose,Pontia occidentalis,2,2Meadow,MF,
19,august,2022,Mt Rose,Satyrium fuliginosum semiluna,1,3Alpine,MF,
19,august,2022,Mt Rose,Lycaeides hybrid,3,3Alpine,MF,
19,august,2022,Mt Rose,Plebejus icarioides,1,3Alpine,MF,
19,august,2022,Mt Rose,Lycaena heteronea,1,3Alpine,MF,
22,august,2022,Sierra Valley,Pontia occidentalis,1,2Lava,CH,
22,august,2022,Sierra Valley,Pontia beckerii,1,2Lava,CH,
22,august,2022,Sierra Valley,Lycaeides melissa melissa,1,2Lava,CH,
22,august,2022,Sierra Valley,Plebejus acmon,1,2Lava,CH,
22,august,2022,Sierra Valley,Pontia occidentalis,3,1Road,CH,
22,august,2022,Sierra Valley,Colias eurytheme,3,1Road,CH,30+
22,august,2022,Sierra Valley,Plebejus acmon,3,1Road,CH,
22,august,2022,Sierra Valley,Polites sabuleti tecumseh,2,1Road,CH,
22,august,2022,Sierra Valley,Hesperia juba,1,1Road,CH,
22,august,2022,Sierra Valley,Coenonympha tullia ampelos,3,1Road,CH,
22,august,2022,Sierra Valley,Phyciodes mylitta,3,1Road,CH,
22,august,2022,Sierra Valley,Pieris rapae,3,1Road,CH,
22,august,2022,Sierra Valley,Lycaena helloides,2,1Road,CH,
22,august,2022,Sierra Valley,Ochlodes sylvanoides,1,1Road,CH,
22,august,2022,Sierra Valley,Junonia coenia,1,1Road,CH,
24,august,2022,Castle Peak,Satyrium saepium,1,1LowForest,"MF, CH, CD",
24,august,2022,Castle Peak,Lycaeides idas anna,3,1LowForest,"MF, CH, CD",
24,august,2022,Castle Peak,Speyeria egleis,3,1LowForest,"MF, CH, CD",
24,august,2022,Castle Peak,Lycaena nivalis,2,1LowForest,"MF, CH, CD",
24,august,2022,Castle Peak,Colias eurytheme,2,1LowForest,"MF, CH, CD",
24,august,2022,Castle Peak,Vanessa annabella,1,1LowForest,"MF, CH, CD",
24,august,2022,Castle Peak,Speyeria atlantis,1,1LowForest,"MF, CH, CD",
24,august,2022,Castle Peak,Polygonia zephyrus,2,1LowForest,"MF, CH, CD",
24,august,2022,Castle Peak,Hesperia juba,1,1LowForest,"MF, CH, CD",
24,august,2022,Castle Peak,Lycaena arota arota,1,1LowForest,"MF, CH, CD",
24,august,2022,Castle Peak,Limenitis lorquini,1,1LowForest,"MF, CH, CD",~
24,august,2022,Castle Peak,Speyeria egleis,3,2CastleAscent,"MF, CH, CD",
24,august,2022,Castle Peak,Speyeria egleis,3,3Ridge,"MF, CH, CD",
24,august,2022,Castle Peak,Colias eurytheme,2,3Ridge,"MF, CH, CD",
24,august,2022,Castle Peak,Papilio zelicaon,3,3Ridge,"MF, CH, CD",
24,august,2022,Castle Peak,Pontia occidentalis,2,3Ridge,"MF, CH, CD",
24,august,2022,Castle Peak,Plebejus icarioides,2,3Ridge,"MF, CH, CD",
24,august,2022,Castle Peak,Plebejus acmon,1,3Ridge,"MF, CH, CD",
24,august,2022,Castle Peak,Speyeria egleis,3,4BasinDescent,"MF, CH, CD",
24,august,2022,Castle Peak,Colias eurytheme,3,4BasinDescent,"MF, CH, CD",
24,august,2022,Castle Peak,Vanessa annabella,1,4BasinDescent,"MF, CH, CD",
24,august,2022,Castle Peak,Polygonia zephyrus,1,4BasinDescent,"MF, CH, CD",
24,august,2022,Castle Peak,Colias eurytheme,2,5HighForest,"MF, CH, CD",
24,august,2022,Castle Peak,Plebejus icarioides,1,5HighForest,"MF, CH, CD",
25,august,2022,Donner Pass,Lycaena arota arota,3,1Tracks,CH,
25,august,2022,Donner Pass,Plebejus acmon,3,1Tracks,CH,
25,august,2022,Donner Pass,Colias eurytheme,3,1Tracks,CH,
25,august,2022,Donner Pass,Lycaena editha,3,1Tracks,CH,
25,august,2022,Donner Pass,Speyeria atlantis,3,1Tracks,CH,
25,august,2022,Donner Pass,Speyeria egleis,3,1Tracks,CH,
25,august,2022,Donner Pass,Speyeria mormonia,3,1Tracks,CH,
25,august,2022,Donner Pass,Satyrium sylvinus,3,1Tracks,CH,
25,august,2022,Donner Pass,Satyrium saepium,3,1Tracks,CH,
25,august,2022,Donner Pass,Phyciodes mylitta,1,1Tracks,CH,
25,august,2022,Donner Pass,Pontia occidentalis,1,1Tracks,CH,
25,august,2022,Donner Pass,Lycaena heteronea,2,1Tracks,CH,
25,august,2022,Donner Pass,Ochlodes sylvanoides,3,1Tracks,CH,
25,august,2022,Donner Pass,Neophasia menapia,3,1Tracks,CH,
25,august,2022,Donner Pass,Polygonia zephyrus,1,1Tracks,CH,
25,august,2022,Donner Pass,Colias eurytheme,1,2Meadow,CH,
25,august,2022,Donner Pass,Lycaena editha,1,2Meadow,CH,
25,august,2022,Donner Pass,Lycaena nivalis,2,2Meadow,CH,
25,august,2022,Donner Pass,Speyeria atlantis,1,2Meadow,CH,
25,august,2022,Donner Pass,Plebejus acmon,1,3Bridge,CH,
30,august,2022,Washington,Plebejus acmon,3,2Serp,MF,
30,august,2022,Washington,Pyrgus communis,1,2Serp,MF,
30,august,2022,Washington,Adelpha bredowii californica,3,1Valley,MF,
30,august,2022,Washington,Ochlodes sylvanoides,2,1Valley,MF,
30,august,2022,Washington,Coenonympha tullia california,1,1Valley,MF,
30,august,2022,Washington,Papilio rutulus,1,1Valley,MF,
30,august,2022,Washington,Pyrgus communis,2,1Valley,MF,
30,august,2022,Washington,Pontia protodice,1,1Valley,MF,
31,august,2022,Mt Rose,Speyeria mormonia,3,1Forest,"CH, CD",
31,august,2022,Mt Rose,Speyeria egleis,3,1Forest,"CH, CD",
31,august,2022,Mt Rose,Hesperia juba,1,1Forest,"CH, CD",
31,august,2022,Mt Rose,Polites sonora,1,1Forest,"CH, CD",
31,august,2022,Mt Rose,Nymphalis antiopa,1,1Forest,"CH, CD",
31,august,2022,Mt Rose,Colias eurytheme,3,1Forest,"CH, CD",
31,august,2022,Mt Rose,Speyeria mormonia,3,2Meadow,"CH, CD",
31,august,2022,Mt Rose,Colias eurytheme,2,2Meadow,"CH, CD",
31,august,2022,Mt Rose,Colias eurytheme,1,3Alpine,"CH, CD",
2,sep,2022,Lang Crossing,Plebejus acmon,3,1Meadow,"MF, CH",
2,sep,2022,Lang Crossing,Ochlodes sylvanoides,3,1Meadow,"MF, CH",
2,sep,2022,Lang Crossing,Phyciodes mylitta,3,1Meadow,"MF, CH",
2,sep,2022,Lang Crossing,Adelpha bredowii californica,3,1Meadow,"MF, CH",
2,sep,2022,Lang Crossing,Lycaena arota arota,2,1Meadow,"MF, CH",
2,sep,2022,Lang Crossing,Junonia coenia,1,1Meadow,"MF, CH",
2,sep,2022,Lang Crossing,Limenitis lorquini,1,1Meadow,"MF, CH",
2,sep,2022,Lang Crossing,Nymphalis antiopa,1,1Meadow,"MF, CH",
2,sep,2022,Lang Crossing,Ochlodes sylvanoides,1,2Forest,"MF, CH",
2,sep,2022,Lang Crossing,Limenitis lorquini,1,2Forest,"MF, CH",
2,sep,2022,Lang Crossing,Cercyonis sthenele silvestris,2,2Forest,"MF, CH",
2,sep,2022,Lang Crossing,Apodemia mormo,3,2Forest,"MF, CH",
2,sep,2022,Lang Crossing,Speyeria hydaspe,1,2Forest,"MF, CH",
2,sep,2022,Lang Crossing,Plebejus acmon,3,3Chap,"MF, CH",
2,sep,2022,Lang Crossing,Ochlodes sylvanoides,3,3Chap,"MF, CH",
2,sep,2022,Lang Crossing,Adelpha bredowii californica,1,3Chap,"MF, CH",
2,sep,2022,Lang Crossing,Apodemia mormo,3,3Chap,"MF, CH",
2,sep,2022,Lang Crossing,Pieris rapae,2,3Chap,"MF, CH",
5,sep,2022,Sierra Valley,Coenonympha tullia ampelos,3,1Road,CH,30+
5,sep,2022,Sierra Valley,Plebejus acmon,1,1Road,CH,
5,sep,2022,Sierra Valley,Polites sabuleti tecumseh,3,1Road,CH,
5,sep,2022,Sierra Valley,Colias eurytheme,3,1Road,CH,
5,sep,2022,Sierra Valley,Lycaena helloides,3,1Road,CH,
5,sep,2022,Sierra Valley,Ochlodes sylvanoides,3,1Road,CH,
5,sep,2022,Sierra Valley,Pontia occidentalis,3,1Road,CH,
5,sep,2022,Sierra Valley,Pieris rapae,3,1Road,CH,
5,sep,2022,Sierra Valley,Phyciodes mylitta,3,1Road,CH,
5,sep,2022,Sierra Valley,Coenonympha tullia ampelos,3,2Lava,CH,
7,sep,2022,Castle Peak,Speyeria mormonia,2,1LowForest,CH,
7,sep,2022,Castle Peak,Colias eurytheme,3,1LowForest,CH,30+
7,sep,2022,Castle Peak,Polygonia zephyrus,3,1LowForest,CH,
7,sep,2022,Castle Peak,Phyciodes mylitta,3,1LowForest,CH,
7,sep,2022,Castle Peak,Strymon melinus,1,1LowForest,CH,
7,sep,2022,Castle Peak,Lycaeides idas anna,1,1LowForest,CH,
7,sep,2022,Castle Peak,Vanessa virginiensis,2,1LowForest,CH,
7,sep,2022,Castle Peak,Lycaena nivalis,1,1LowForest,CH,
7,sep,2022,Castle Peak,Speyeria egleis,1,1LowForest,CH,
7,sep,2022,Castle Peak,NA,NA,2CastleAscent,CH,
7,sep,2022,Castle Peak,Pontia occidentalis,3,3Ridge,CH,
7,sep,2022,Castle Peak,Speyeria egleis,3,3Ridge,CH,
7,sep,2022,Castle Peak,Colias eurytheme,3,4BasinDescent,CH,30+
7,sep,2022,Castle Peak,Plebejus acmon,1,5HighForest,CH,
7,sep,2022,Castle Peak,Phyciodes mylitta,1,5HighForest,CH,
8,sep,2022,Donner Pass,Colias eurytheme,3,1Tracks,CH,30+
8,sep,2022,Donner Pass,Pieris rapae,1,1Tracks,CH,
8,sep,2022,Donner Pass,Limenitis lorquini,2,1Tracks,CH,
8,sep,2022,Donner Pass,Phyciodes mylitta,3,1Tracks,CH,
8,sep,2022,Donner Pass,Plebejus acmon,3,1Tracks,CH,
8,sep,2022,Donner Pass,Lycaena helloides,3,1Tracks,CH,
8,sep,2022,Donner Pass,Adelpha bredowii californica,1,1Tracks,CH,
8,sep,2022,Donner Pass,Speyeria mormonia,1,1Tracks,CH,
8,sep,2022,Donner Pass,Pontia protodice,2,1Tracks,CH,
8,sep,2022,Donner Pass,Lycaena editha,1,1Tracks,CH,
8,sep,2022,Donner Pass,Neophasia menapia,2,1Tracks,CH,
8,sep,2022,Donner Pass,Nymphalis antiopa,1,1Tracks,CH,
8,sep,2022,Donner Pass,Satyrium saepium,3,1Tracks,CH,
8,sep,2022,Donner Pass,Vanessa virginiensis,3,1Tracks,CH,
8,sep,2022,Donner Pass,Ochlodes sylvanoides,3,1Tracks,CH,30+
8,sep,2022,Donner Pass,Satyrium sylvinus,1,1Tracks,CH,
8,sep,2022,Donner Pass,Speyeria atlantis,1,1Tracks,CH,
8,sep,2022,Donner Pass,Speyeria zerene,3,1Tracks,CH,
8,sep,2022,Donner Pass,Speyeria coronis,1,1Tracks,CH,
8,sep,2022,Donner Pass,Hesperia juba,3,1Tracks,CH,
8,sep,2022,Donner Pass,Pontia occidentalis,3,1Tracks,CH,
8,sep,2022,Donner Pass,Polygonia zephyrus,1,1Tracks,CH,
8,sep,2022,Donner Pass,Strymon melinus,1,1Tracks,CH,
8,sep,2022,Donner Pass,Vanessa cardui,1,1Tracks,CH,
8,sep,2022,Donner Pass,Vanessa annabella,1,1Tracks,CH,
8,sep,2022,Donner Pass,Colias eurytheme,1,2Meadow,CH,30+
8,sep,2022,Donner Pass,Phyciodes mylitta,1,2Meadow,CH,
8,sep,2022,Donner Pass,Colias eurytheme,1,3Bridge,CH,30+
13,sep,2022,Washington,Ochlodes sylvanoides,1,2Serp,MF,
13,sep,2022,Washington,Hesperia juba,1,2Serp,MF,
13,sep,2022,Washington,Junonia coenia,1,2Serp,MF,
13,sep,2022,Washington,Hesperia colorado ssp.,3,2Serp,MF,
13,sep,2022,Washington,Plebejus acmon,2,2Serp,MF,
13,sep,2022,Washington,Adelpha bredowii californica,3,1Valley,MF,
13,sep,2022,Washington,Plebejus acmon,1,1Valley,MF,
13,sep,2022,Washington,Cercyonis sthenele silvestris,1,1Valley,MF,
13,sep,2022,Washington,Phyciodes mylitta,1,1Valley,MF,
16,sep,2022,Mt Rose,Colias eurytheme,2,1Forest,MF,
16,sep,2022,Mt Rose,Polygonia zephyrus,1,1Forest,MF,
16,sep,2022,Mt Rose,Speyeria mormonia,3,2Meadow,MF,
16,sep,2022,Mt Rose,Polygonia zephyrus,2,2Meadow,MF,
16,sep,2022,Mt Rose,Nymphalis antiopa,1,2Meadow,MF,
22,sep,2022,Sierra Valley,Coenonympha tullia ampelos,3,1Road,CH,30+
22,sep,2022,Sierra Valley,Plebejus acmon,3,1Road,CH,30+
22,sep,2022,Sierra Valley,Lycaena helloides,3,1Road,CH,30+
22,sep,2022,Sierra Valley,Pontia protodice,1,1Road,CH,
22,sep,2022,Sierra Valley,Pieris rapae,3,1Road,CH,
22,sep,2022,Sierra Valley,Colias eurytheme,3,1Road,CH,
22,sep,2022,Sierra Valley,Pontia occidentalis,3,1Road,CH,
22,sep,2022,Sierra Valley,Atlides halesus,1,1Road,CH,
22,sep,2022,Sierra Valley,Polites sabuleti tecumseh,3,1Road,CH,
22,sep,2022,Sierra Valley,Ochlodes sylvanoides,3,1Road,CH,
22,sep,2022,Sierra Valley,Junonia coenia,3,1Road,CH,
22,sep,2022,Sierra Valley,Hesperia juba,1,1Road,CH,
22,sep,2022,Sierra Valley,Pyrgus communis,1,1Road,CH,
22,sep,2022,Sierra Valley,Plebejus acmon,2,2Lava,CH,30+
22,sep,2022,Sierra Valley,Coenonympha tullia ampelos,3,2Lava,CH,30+
22,sep,2022,Sierra Valley,Pontia occidentalis,3,2Lava,CH,
23,sep,2022,Castle Peak,Colias eurytheme,3,1LowForest,MF,
23,sep,2022,Castle Peak,Nymphalis californica,1,1LowForest,MF,
23,sep,2022,Castle Peak,Phyciodes mylitta,3,1LowForest,MF,
23,sep,2022,Castle Peak,Limenitis lorquini,1,1LowForest,MF,
23,sep,2022,Castle Peak,Polygonia zephyrus,2,1LowForest,MF,
23,sep,2022,Castle Peak,Colias eurytheme,2,2CastleAscent,MF,
23,sep,2022,Castle Peak,Colias eurytheme,1,3Ridge,MF,
23,sep,2022,Castle Peak,Phyciodes mylitta,1,3Ridge,MF,
23,sep,2022,Castle Peak,Polygonia zephyrus,1,3Ridge,MF,
23,sep,2022,Castle Peak,Pontia occidentalis,1,3Ridge,MF,uncertain
23,sep,2022,Castle Peak,Colias eurytheme,1,4BasinDescent,MF,
23,sep,2022,Castle Peak,Speyeria egleis,1,4BasinDescent,MF,
23,sep,2022,Lang Crossing,Colias eurytheme,3,1Meadow,CH,
23,sep,2022,Lang Crossing,Plebejus acmon,3,1Meadow,CH,
23,sep,2022,Lang Crossing,Phyciodes mylitta,3,1Meadow,CH,
23,sep,2022,Lang Crossing,Nymphalis antiopa,1,1Meadow,CH,
23,sep,2022,Lang Crossing,Junonia coenia,3,1Meadow,CH,
23,sep,2022,Lang Crossing,Adelpha bredowii californica,1,1Meadow,CH,
23,sep,2022,Lang Crossing,Pieris rapae,1,1Meadow,CH,
23,sep,2022,Lang Crossing,Lycaena helloides,1,1Meadow,CH,
23,sep,2022,Lang Crossing,Plebejus acmon,1,2Forest,CH,
23,sep,2022,Lang Crossing,Adelpha bredowii californica,2,2Forest,CH,
23,sep,2022,Lang Crossing,Phyciodes mylitta,1,2Forest,CH,
23,sep,2022,Lang Crossing,Apodemia mormo,1,3Chap,CH,
23,sep,2022,Lang Crossing,Ochlodes sylvanoides,2,3Chap,CH,
23,sep,2022,Lang Crossing,Colias eurytheme,1,3Chap,CH,
23,sep,2022,Lang Crossing,Plebejus acmon,1,3Chap,CH,
23,sep,2022,Lang Crossing,Lycaena helloides,1,3Chap,CH,
23,sep,2022,Lang Crossing,Adelpha bredowii californica,1,3Chap,CH,
24,sep,2022,Donner Pass,Vanessa virginiensis,2,1Tracks,CH,
24,sep,2022,Donner Pass,Phyciodes mylitta,3,1Tracks,CH,
24,sep,2022,Donner Pass,Colias eurytheme,3,1Tracks,CH,
24,sep,2022,Donner Pass,Ochlodes sylvanoides,3,1Tracks,CH,
24,sep,2022,Donner Pass,Polygonia zephyrus,3,1Tracks,CH,
24,sep,2022,Donner Pass,Plebejus acmon,3,1Tracks,CH,
24,sep,2022,Donner Pass,Junonia coenia,2,1Tracks,CH,
24,sep,2022,Donner Pass,Hesperia juba,3,1Tracks,CH,
24,sep,2022,Donner Pass,Pontia occidentalis,1,1Tracks,CH,
24,sep,2022,Donner Pass,Nymphalis californica,2,1Tracks,CH,
24,sep,2022,Donner Pass,Nymphalis antiopa,2,1Tracks,CH,
24,sep,2022,Donner Pass,Satyrium saepium,3,1Tracks,CH,
24,sep,2022,Donner Pass,Vanessa annabella,2,1Tracks,CH,
24,sep,2022,Donner Pass,Speyeria coronis,1,1Tracks,CH,
24,sep,2022,Donner Pass,NA,NA,2Meadow,CH,
24,sep,2022,Donner Pass,NA,NA,3Bridge,CH,
27,sep,2022,Washington,Adelpha bredowii californica,3,1Valley,MF,30+
27,sep,2022,Washington,Pontia protodice,1,1Valley,MF,
27,sep,2022,Washington,Phyciodes mylitta,1,1Valley,MF,
27,sep,2022,Washington,Adelpha bredowii californica,1,2Serp,MF,
27,sep,2022,Washington,Erynnis tristis,1,2Serp,MF,
27,sep,2022,Washington,Phyciodes mylitta,2,2Serp,MF,
27,sep,2022,Washington,Ochlodes sylvanoides,1,2Serp,MF,
27,sep,2022,Washington,Pieris rapae,1,2Serp,MF,
27,sep,2022,Washington,Plebejus acmon,3,2Serp,MF,
27,sep,2022,Washington,Hesperia colorado ssp.,2,2Serp,MF,
27,sep,2022,Washington,Strymon melinus,1,2Serp,MF,
27,sep,2022,Washington,Colias eurytheme,1,2Serp,MF,
30,sep,2022,Mt Rose,Colias eurytheme,1,1Forest,CD,
30,sep,2022,Mt Rose,Colias eurytheme,2,2Meadow,CD,
30,sep,2022,Mt Rose,Nymphalis antiopa,1,2Meadow,CD,
5,oct,2022,Castle Peak,Polygonia zephyrus,1,1LowForest,CH,
5,oct,2022,Castle Peak,Colias eurytheme,1,1LowForest,CH,
5,oct,2022,Castle Peak,Adelpha bredowii californica,1,1LowForest,CH,
5,oct,2022,Castle Peak,NA,NA,2CastleAscent,CH,
5,oct,2022,Castle Peak,NA,NA,3Ridge,CH,
5,oct,2022,Castle Peak,NA,NA,4BasinDescent,CH,
5,oct,2022,Castle Peak,NA,NA,5HighForest,CH,
6,oct,2022,Donner Pass,Colias eurytheme,3,1Tracks,CH,
6,oct,2022,Donner Pass,Plebejus acmon,3,1Tracks,CH,
6,oct,2022,Donner Pass,Polygonia zephyrus,3,1Tracks,CH,
6,oct,2022,Donner Pass,Nymphalis californica,2,1Tracks,CH,
6,oct,2022,Donner Pass,Phyciodes mylitta,3,1Tracks,CH,
6,oct,2022,Donner Pass,Lycaena helloides,2,1Tracks,CH,
6,oct,2022,Donner Pass,Hesperia juba,1,1Tracks,CH,
6,oct,2022,Donner Pass,NA,NA,2Meadow,CH,
6,oct,2022,Donner Pass,NA,NA,3Bridge,CH,
7,oct,2022,Lang Crossing,Plebejus acmon,2,1Meadow,CH,
7,oct,2022,Lang Crossing,Phyciodes mylitta,2,1Meadow,CH,
7,oct,2022,Lang Crossing,Nymphalis californica,1,2Forest,CH,
7,oct,2022,Lang Crossing,Phyciodes mylitta,1,2Forest,CH,
7,oct,2022,Lang Crossing,Junonia coenia,1,2Forest,CH,
7,oct,2022,Lang Crossing,Plebejus acmon,1,2Forest,CH,
7,oct,2022,Lang Crossing,Pieris rapae,3,2Forest,CH,
7,oct,2022,Lang Crossing,Adelpha bredowii californica,1,2Forest,CH,
7,oct,2022,Lang Crossing,Limenitis lorquini,1,2Forest,CH,
7,oct,2022,Lang Crossing,Phyciodes mylitta,1,3Chap,CH,
7,oct,2022,Lang Crossing,Plebejus acmon,1,3Chap,CH,
7,oct,2022,Lang Crossing,Colias eurytheme,1,3Chap,CH,
8,oct,2022,Sierra Valley,Phyciodes mylitta,3,1Road,"CH, CD",
8,oct,2022,Sierra Valley,Coenonympha tullia ampelos,3,1Road,"CH, CD",30+
8,oct,2022,Sierra Valley,Plebejus acmon,3,1Road,"CH, CD",
8,oct,2022,Sierra Valley,Lycaena helloides,3,1Road,"CH, CD",
8,oct,2022,Sierra Valley,Pontia occidentalis,1,1Road,"CH, CD",
8,oct,2022,Sierra Valley,Pieris rapae,3,1Road,"CH, CD",
8,oct,2022,Sierra Valley,Colias eurytheme,3,1Road,"CH, CD",
8,oct,2022,Sierra Valley,Atlides halesus,1,1Road,"CH, CD",
8,oct,2022,Sierra Valley,Junonia coenia,3,1Road,"CH, CD",
8,oct,2022,Sierra Valley,Phyciodes mylitta,1,2Lava,"CH, CD",
8,oct,2022,Sierra Valley,Coenonympha tullia ampelos,1,2Lava,"CH, CD",30+
15,oct,2022,Washington,Adelpha bredowii californica,3,1Valley,MF,
15,oct,2022,Washington,Colias eurytheme,1,1Valley,MF,
15,oct,2022,Washington,Plebejus acmon,3,2Serp,MF,
15,oct,2022,Washington,Colias eurytheme,3,2Serp,MF,
15,oct,2022,Washington,Junonia coenia,1,2Serp,MF,
15,oct,2022,Washington,Strymon melinus,2,2Serp,MF,
19,oct,2022,Sierra Valley,Coenonympha tullia ampelos,2,2Lava,MF,
19,oct,2022,Sierra Valley,Lycaena helloides,3,1Road,MF,30+
19,oct,2022,Sierra Valley,Coenonympha tullia ampelos,3,1Road,MF,
19,oct,2022,Sierra Valley,Plebejus acmon,3,1Road,MF,30+
19,oct,2022,Sierra Valley,Phyciodes mylitta,3,1Road,MF,
19,oct,2022,Sierra Valley,Colias eurytheme,3,1Road,MF,
19,oct,2022,Sierra Valley,Pontia occidentalis,1,1Road,MF,
19,oct,2022,Sierra Valley,Pieris rapae,3,1Road,MF,
19,oct,2022,Sierra Valley,Ochlodes sylvanoides,1,1Road,MF,
19,oct,2022,Sierra Valley,Junonia coenia,3,1Road,MF,
19,oct,2022,Donner Pass,Plebejus acmon,3,1Tracks,"CH, CD",
19,oct,2022,Donner Pass,Colias eurytheme,3,1Tracks,"CH, CD",
19,oct,2022,Donner Pass,Pieris rapae,1,1Tracks,"CH, CD",
19,oct,2022,Donner Pass,Nymphalis californica,1,1Tracks,"CH, CD",
19,oct,2022,Donner Pass,Vanessa virginiensis,1,1Tracks,"CH, CD",
19,oct,2022,Donner Pass,Lycaena helloides,1,1Tracks,"CH, CD",
19,oct,2022,Donner Pass,Phyciodes mylitta,3,1Tracks,"CH, CD",
19,oct,2022,Donner Pass,NA,NA,2Meadow,"CH, CD",
19,oct,2022,Donner Pass,NA,NA,3Bridge,"CH, CD",
20,oct,2022,Lang Crossing,Plebejus acmon,3,1Meadow,CH,
20,oct,2022,Lang Crossing,Phyciodes mylitta,3,1Meadow,CH,
20,oct,2022,Lang Crossing,Adelpha bredowii californica,2,1Meadow,CH,
20,oct,2022,Lang Crossing,Colias eurytheme,1,1Meadow,CH,
20,oct,2022,Lang Crossing,Phyciodes mylitta,2,2Forest,CH,
20,oct,2022,Lang Crossing,Colias eurytheme,3,2Forest,CH,
20,oct,2022,Lang Crossing,Junonia coenia,1,2Forest,CH,
20,oct,2022,Lang Crossing,Nymphalis californica,1,2Forest,CH,
20,oct,2022,Lang Crossing,Plebejus acmon,1,2Forest,CH,
20,oct,2022,Lang Crossing,Adelpha bredowii californica,2,2Forest,CH,
20,oct,2022,Lang Crossing,Colias eurytheme,1,3Chap,CH,
20,oct,2022,Lang Crossing,Plebejus acmon,3,3Chap,CH,
20,oct,2022,Lang Crossing,Adelpha bredowii californica,2,3Chap,CH,
20,oct,2022,Lang Crossing,Strymon melinus,1,3Chap,CH,